"1","Bút","1","1"
"2","Tẩy chì","2","1"
"3","Hộp bút","3","1"
"4","Lịch","4","1"
"12","17","Quỳnh Như","qynhnhu@gmail.com","Bút bi","Sản phẩm đẹp","2015-03-07 09:07:48"
"13","16","Teo","teo@gmail.com","Bút","Bút uốn dẻo khá đẹp","2015-03-07 09:12:06"
"2553"
"1","1","An Dương Vương, Quận 5","2015-03-12","160000","Mới đặt",NULL
"15","2","Lý Chính Thắng, Quận 3","2015-03-12","360000","Mới đặt",NULL
"16","2","Lý Chính Thắng, Quận 3 P4","2015-03-12","360000","Mới đặt",NULL
"17","2","Lý Chính Thắng, Quận 3","2015-03-12","320000","Mới đặt","avc"
"18","2","Lý Chính Thắng, Quận 3","2015-03-12","266000","Mới đặt","avc"
"1","1","Bút bi","1","1"
"2","1","Bút chì gỗ","2","1"
"3","1","Bút nước","3","1"
"4","2","Tẩy chì","4","1"
"5","3","Hộp bút","5","1"
"6","4","Lịch","6","1"
"1","1","1","Bút bi vương miện Crown Love Magic","BUT_BI_Pre (1).jpg","<div class=""MoTa""><ul>
<li>Chiều dài: 20cm.</li>
<li>Chất liệu: Inox.</li>
<li>Bút có 3 màu: đỏ, xanh, tím.</li>
<li>Ở trên đầu bút có hình vương miện màu vàng bóng kết hợp với đầu bi tròn.
</li>
</ul></div>","2015-02-12","18000","Butbi1.jpg","<div class=""BaiViet""><img  class=""urlBaiViet"" src=""images/BUTBI/Loai_Butbi/CHITIET/BaiViet/BUT1.jpg"" title=""Bút bi vương miện Crown Love Magic"" width=""640px"" height=""600px"">
<br/>
<img  class=""urlBaiViet"" src=""images/BUTBI/Loai_Butbi/CHITIET/BaiViet/BUT1_2.jpg"" title=""Bút bi vương miện Crown Love Magic"" width=""640px"" height=""600px"">
<br/>
<img  class=""urlBaiViet"" src=""images/BUTBI/Loai_Butbi/CHITIET/BaiViet/BUT1_3.jpg"" title=""Bút bi vương miện Crown Love Magic"" width=""640px"" height=""610px"">
</div>","20","10",NULL,"3","1"
"2","1","1","Bút bi kẹo đầu bông bi","BUT_BI_Pre (2).jpg","<div class=""MoTa""><ul>
<li>Chiều dài: 20cm.</li>
<li>Đâu bông được làm từ len.</li>
<li>Chất liệu: Nhựa.</li>
<li>Bút đầu bông hình tròn có nhiều màu: trắng, đỏ, cam, hồng, xanh dương.</li>
<li>Thân bút còn có kèm theo một chiếc nơ nhỏ nhắn xinh xắn.
</li></ul></div>","2015-02-14","18000","Butbi2.jpg","<div class=""BaiViet""><img class=""urlBaiViet"" src=""images/BUTBI/Loai_Butbi/CHITIET/BaiViet/BUT2.jpg"" title=""Bút bi kẹo bi đầu bông"" width=""640px"" height=""590px"">
<br/>
<img class=""urlBaiViet"" src=""images/BUTBI/Loai_Butbi/CHITIET/BaiViet/BUT2_1.jpg"" title=""Bút bi kẹo bi đầu bông"" width=""610px"" height=""600px"">
<br/>
<img class=""urlBaiViet"" src=""images/BUTBI/Loai_Butbi/CHITIET/BaiViet/BUT2_2.jpg"" title=""Bút bi kẹo bi đầu bông"" width=""640px"" height=""600px"">
<br/>
<img class=""urlBaiViet"" src=""images/BUTBI/Loai_Butbi/CHITIET/BaiViet/BUT2_3.jpg"" title=""Bút bi kẹo bi đầu bông"" width=""640px"" height=""590px"">
<br/>
<img class=""urlBaiViet"" src=""images/BUTBI/Loai_Butbi/CHITIET/BaiViet/BUT2_4.jpg"" title=""Bút bi kẹo bi đầu bông"" width=""640px"" height=""600px"">
</div>","4","12",NULL,"4","1"
"3","1","1","Bút bi uốn dẻo hình hoa mặt trời","BUT_BI_Pre (3).jpg","<div class=""MoTa""><ul>
<li>Chiều dài:22cm.</li>
<li>Đầu bút là hình hoa mặt trời với chất liệu là chất dẻo.</li>
<li>Thân bút còn có cả lá với nhiều màu sắc nổi bật.</li>
</ul></div>","2015-02-15","22000","Butbi3.jpg","<div class=""BaiViet""><img class=""urlBaiViet"" src=""images/BUTBI/Loai_Butbi/CHITIET/BaiViet/BUT3.jpg"" title=""Bút bi uốn dẻo hình hoa mặt trời"" width=""640px"" height=""610px"">
<br/>
<img class=""urlBaiViet"" src=""images/BUTBI/Loai_Butbi/CHITIET/BaiViet/BUT3_1.jpg"" title=""Bút bi uốn dẻo hình hoa mặt trời"" width=""640px"" height=""620px"">
<br/>
<img class=""urlBaiViet"" src=""images/BUTBI/Loai_Butbi/CHITIET/BaiViet/BUT3_2.jpg"" title=""Bút bi uốn dẻo hình hoa mặt trời"" width=""640px"" height=""610px"">
<br/>
<img class=""urlBaiViet"" src=""images/BUTBI/Loai_Butbi/CHITIET/BaiViet/BUT3_3.jpg"" title=""Bút bi uốn dẻo hình hoa mặt trời"" width=""630px"" height=""640px"">
</div>","19","30",NULL,"16","1"
"4","1","1","Bút bi kem ốc quế","BUT_BI_Pre (4).jpg","<div class=""MoTa""><ul>
<li>Chất liệu: Nhựa.</li>
<li>Chiều dài:12.6cm.</li>
<li>Đầu bút là những cây kem ốc quế và đầu mốc cực kì dễ thương!</li>
</ul></div>","2015-02-15","18000","Butbi4.jpg","<div class=""BaiViet""><img class=""urlBaiViet"" src=""images/BUTBI/Loai_Butbi/CHITIET/BaiViet/BUT4.jpg"" title=""Bút bi kem ốc quế"" width=""640px"" height=""600px"">
<br/>
<img class=""urlBaiViet"" src=""images/BUTBI/Loai_Butbi/CHITIET/BaiViet/BUT4_1.jpg"" title=""Bút bi kem ốc quế"" width=""640px"" height=""610px"">
<br/>
<img class=""urlBaiViet"" src=""images/BUTBI/Loai_Butbi/CHITIET/BaiViet/BUT4_2.jpg"" title=""Bút bi kem ốc quế"" width=""640px"" height=""610px"">
<br/>
<img class=""urlBaiViet"" src=""images/BUTBI/Loai_Butbi/CHITIET/BaiViet/BUT4_3.jpg"" title=""Bút bi kem ốc quế"" width=""640px"" height=""600px"">
<br/>
<img class=""urlBaiViet"" src=""images/BUTBI/Loai_Butbi/CHITIET/BaiViet/BUT4_4.jpg"" title=""Bút bi kem ốc quế"" width=""640px"" height=""600px"">
<br/>
</div>","3","16",NULL,"12","1"
"5","1","1","Bút bi kẹo mút","BUT_BI_Pre (5).jpg","<div class=""MoTa""><ul>
<li>Chiều dài:20cm.</li>
<li>Chất liệu đầu bông được làm từ len.</li>
<li>Bút đầu bông hình tròn có nhiều màu: trắng, đỏ, cam, hồng, xanh dương.</li>
<li>Thân bút còn có kèm theo một chiếc nơ nhỏ nhắn xinh xắn.
</li></ul></div>","2015-02-15","20000","Butbi5.jpg","<div class=""BaiViet"">
<img class=""urlBaiViet"" src=""images/BUTBI/Loai_Butbi/CHITIET/BaiViet/BUT5_1.jpg"" title=""Bút bi kẹo mút"" width=""640px"" height=""590px"">
<br/>
<img class=""urlBaiViet"" src=""images/BUTBI/Loai_Butbi/CHITIET/BaiViet/BUT5_2.jpg"" title=""Bút bi kẹo mút"" width=""640px"" height=""597px"">
<br/>
<img class=""urlBaiViet"" src=""images/BUTBI/Loai_Butbi/CHITIET/BaiViet/BUT5_3.jpg"" title=""Bút bi kẹo mút"" width=""640px"" height=""590px"">
</div>","10","30",NULL,"12","1"
"6","1","1","Bút bi uốn dẻo hình bàn tay","BUT_BI_Pre (6).jpg","<div class=""MoTa""><ul>
<li>Chiều dài:19.2cm.</li>
<li>Chất liệu: Chất dẻo</li>
<li>Bút bi có nhiều màu: xanh dương, cam, tím, hồng,..</li>
<li>
Đặc biệt bút có hình bàn tay uốn dẻo và bên trong bàn tay là hình mặt người vô cùng đáng yêu.</li>
</ul></div>","2015-02-15","17000","Butbi6.jpg","<div class=""BaiViet"">
<img class=""urlBaiViet"" src=""images/BUTBI/Loai_Butbi/CHITIET/BaiViet/BUT6.jpg"" title=""Bút bi uốn dẻo hình bàn tay"" width=""640px"" height=""590px"">
<br/>
<img class=""urlBaiViet"" src=""images/BUTBI/Loai_Butbi/CHITIET/BaiViet/BUT6_1.jpg"" title=""Bút bi uốn dẻo hình bàn tay"" width=""640px"" height=""597px"">
<br/>
<img class=""urlBaiViet"" src=""images/BUTBI/Loai_Butbi/CHITIET/BaiViet/BUT6_2.jpg"" title=""Bút bi uốn dẻo hình bàn tay"" width=""640px"" height=""590px"">
<br/>
<img class=""urlBaiViet"" src=""images/BUTBI/Loai_Butbi/CHITIET/BaiViet/BUT6_3.jpg"" title=""Bút bi uốn dẻo hình bàn tay"" width=""640px"" height=""590px"">
<img class=""urlBaiViet"" src=""images/BUTBI/Loai_Butbi/CHITIET/BaiViet/BUT6_4.jpg"" title=""Bút bi uốn dẻo hình bàn tay"" width=""640px"" height=""590px"">
</div>","12","30",NULL,"12","1"
"7","1","1","Bút bi kim vương miện kim chấm bi","BUT_BI_Pre (7).jpg","<div class=""MoTa""><ul>
<li>Chiều dài:20cm.</li>
<li>Chất liệu: Inox.</li>
<li>Bút có 3 màu: đỏ, xanh, tím.</li>
<li>Ở trên đầu bút có hình vương miện.</li>
</ul></div>","2015-02-15","19000","Butbi7.jpg","<div class=""BaiViet""><img  class=""urlBaiViet"" src=""images/BUTBI/Loai_Butbi/CHITIET/BaiViet/BUT7.jpg"" title=""Bút bi kim vương miện kim chấm bi"" width=""640px"" height=""597px"">
<br/>
<img  class=""urlBaiViet"" src=""images/BUTBI/Loai_Butbi/CHITIET/BaiViet/BUT7_1.jpg"" title=""Bút bi kim vương miện kim chấm bi"" width=""640px"" height=""610px"">
<br/>
<img  class=""urlBaiViet"" src=""images/BUTBI/Loai_Butbi/CHITIET/BaiViet/BUT7_2.jpg"" title=""Bút bi kim vương miện kim chấm bi"" width=""640px"" height=""620px"">
<br/>
<img  class=""urlBaiViet"" src=""images/BUTBI/Loai_Butbi/CHITIET/BaiViet/BUT7_3.jpg"" title=""Bút bi kim vương miện kim chấm bi"" width=""640px"" height=""610px"">
</div>","20","39",NULL,"12","1"
"8","1","1","Bút bi kim vương miện kim chấm bi","BUT_BI_Pre (8).jpg","<div class=""MoTa""><ul>
<li>Chiều dài:20cm.</li>
<li>Chất liệu: Inox.</li>
<li>Bút có 3 màu: đỏ, xanh, tím.</li>
<li> Ở trên đầu bút có hình vương miện.</li>
</ul>
</div>","2015-02-15","19000","Butbi8.jpg","<div class=""BaiViet""><img  class=""urlBaiViet"" src=""images/BUTBI/Loai_Butbi/CHITIET/BaiViet/BUT8.jpg"" title=""Bút bi kim vương miện kim chấm bi"" width=""640px"" height=""597px"">
<br/>
<img  class=""urlBaiViet"" src=""images/BUTBI/Loai_Butbi/CHITIET/BaiViet/BUT8_1.jpg"" title=""Bút bi kim vương miện kim chấm bi"" width=""640px"" height=""610px"">
<br/>
<img  class=""urlBaiViet"" src=""images/BUTBI/Loai_Butbi/CHITIET/BaiViet/BUT8_2.jpg"" title=""Bút bi kim vương miện kim chấm bi"" width=""640px"" height=""620px"">
<br/>
<img  class=""urlBaiViet"" src=""images/BUTBI/Loai_Butbi/CHITIET/BaiViet/BUT8_3.jpg"" title=""Bút bi kim vương miện kim chấm bi"" width=""640px"" height=""610px"">
</div>","20","39",NULL,"12","1"
"9","1","1","Bút bi dễ thương Lucky","BUT_BI_Pre (9).jpg","<div class=""MoTa""><ul>
<li>Chiều dài:19.2cm.</li>
<li>Chất liệu: Nhựa.</li>
<li>Bút có nhiều màu sắc: xanh dương, nâu, tím, hồng,...</li>
<li>Mỗi đầu bút là hình một con thú.Gồm có ếch, thỏ, sóc, bướm, khỉ,...</li>
</ul>
</div>","2015-02-15","20000","Butbi9.jpg","<div class=""BaiViet"">
<img class=""urlBaiViet"" src=""images/BUTBI/Loai_Butbi/CHITIET/BaiViet/BUT9.jpg"" title=""Bút bi dễ thương Lucky"" width=""640px"" height=""580px"">
<br/>
<img class=""urlBaiViet"" src=""images/BUTBI/Loai_Butbi/CHITIET/BaiViet/BUT9_1.jpg"" title=""Bút bi dễ thương Lucky"" width=""640px"" height=""590px"">
<br/>
<img class=""urlBaiViet"" src=""images/BUTBI/Loai_Butbi/CHITIET/BaiViet/BUT9_2.jpg"" title=""Bút bi dễ thương Lucky"" width=""640px"" height=""580px"">
</div>","20","160",NULL,"30","1"
"10","1","1","Bút bi thỏ bông","BUT_BI_Pre (10).jpg","<div class=""MoTa""><ul>
<li>Chiều dài:19.2cm.</li>
<li>Chất liệu đầu bông: Vải, bông gòn.</li>
<li>Thân bút có nhiều màu sắc kèm theo những vết chấm bi cực cá tính.</li>
<li>Đầu bút được đính vào đầu những chú thỏ bông với ba màu: xanh dương, hồng, tím.</li>
</div>","2015-02-15","34000","Butbi10.jpg","<div class=""BaiViet"">
<img class=""urlBaiViet"" src=""images/BUTBI/Loai_Butbi/CHITIET/BaiViet/BUT10.jpg"" title=""Bút bi thỏ bông"" width=""640px"" height=""570px"">
<br/>
<img class=""urlBaiViet"" src=""images/BUTBI/Loai_Butbi/CHITIET/BaiViet/BUT10_1.jpg"" title=""Bút bi thỏ bông"" width=""640px"" height=""597px"">
<br/>
<img class=""urlBaiViet"" src=""images/BUTBI/Loai_Butbi/CHITIET/BaiViet/BUT10_2.jpg"" title=""Bút bi thỏ bông"" width=""640px"" height=""590px"">
<br/>
<img class=""urlBaiViet"" src=""images/BUTBI/Loai_Butbi/CHITIET/BaiViet/BUT10_3.jpg"" title=""Bút bi thỏ bông"" width=""640px"" height=""570px"">
</div>","40","230",NULL,"180","1"
"11","1","1","Bút bi Patin","BUT_BI_Pre (11).jpg","<div class=""MoTa""><ul>
<li>Chiều dài:19.2cm.</li>
<li>Chất liệu: Nhựa.</li>
<li>Đầu bút là hình cậu bé đang đội chiếc nón, với nhiều màu sắc tùy theo ý thích của bạn.</li>
<li>Thân bút có màu trắng và những đường kẻ sọc màu đen, kết hợp với những màu sắc vô cùng ngộ nghĩnh.</li>
<li>Nắp bút hoàn toàn như tên gọi của tên bút chính là một đôi giày Patin.</li></ul></div>","2015-02-15","25000","Butbi11.jpg","<div class=""BaiViet"">
<img class=""urlBaiViet"" src=""images/BUTBI/Loai_Butbi/CHITIET/BaiViet/BUT11.jpg"" title=""Bút bi Patin"" width=""640px"" height=""560px"">
</div>
","50","300",NULL,"180","1"
"12","1","1","Bút bi uốn dẻo hình con vật ngộ nghĩnh","BUT_BI_Pre (12).jpg","<div class=""MoTa""><ul>
<li>Chiều dài:19cm.</li>
<li>Chất liệu: Chất dẻo.</li>
<li>Đầu bút là những con vật ngộ nghĩnh: voi, hổ, báo....</li>
<li>Thân bút là chỉ có một màu.</li>
<li>Nắp bút hoàn toàn như tên gọi của tên bút chính là những con vật ngộ nghĩnh.</li></ul></div>","2015-02-15","20000","Butbi12.jpg","<div class=""BaiViet"">
<img class=""urlBaiViet"" src=""images/BUTBI/Loai_Butbi/CHITIET/BaiViet/BUT12.jpg"" title=""Bút bi uốn dẻo hình con vật ngộ nghĩnh"" width=""640px"" height=""560px"">
<img class=""urlBaiViet"" src=""images/BUTBI/Loai_Butbi/CHITIET/BaiViet/BUT12_1.jpg"" title=""Bút bi uốn dẻo hình con vật ngộ nghĩnh"" width=""640px"" height=""560px"">
<img class=""urlBaiViet"" src=""images/BUTBI/Loai_Butbi/CHITIET/BaiViet/BUT12_2.jpg"" title=""Bút bi uốn dẻo hình con vật ngộ nghĩnh"" width=""640px"" height=""560px"">
<img class=""urlBaiViet"" src=""images/BUTBI/Loai_Butbi/CHITIET/BaiViet/BUT12_3.jpg"" title=""Bút bi uốn dẻo hình con vật ngộ nghĩnh"" width=""640px"" height=""560px"">
</div>
","90","200",NULL,"98","1"
"13","1","1","Bút bi uốn dẻo hình ô","BUT_BI_Pre (13).jpg","<div class=""MoTa""><ul>
<li>Chiều dài:19.2cm.</li>
<li>Chất liệu: Chất dẻo.</li>
<li>Đầu bút là hình chiếc ô cùng với những ngôi sao be bé.</li>
<li>Thân bút có một màu từ đầu bút tới nắp bút.</li></ul></div>","2015-02-15","28000","Butbi13.jpg","<div class=""BaiViet""><img class=""urlBaiViet"" src=""images/BUTBI/Loai_Butbi/CHITIET/BaiViet/BUT13.jpg"" title=""Bút bi uốn dẻo hình ô"" width=""640px"" height=""600px"">
<br/>
<img class=""urlBaiViet"" src=""images/BUTBI/Loai_Butbi/CHITIET/BaiViet/BUT13_1.jpg"" title=""Bút bi uốn dẻo hình ô"" width=""640px"" height=""580px"">
<br/>
<img class=""urlBaiViet"" src=""images/BUTBI/Loai_Butbi/CHITIET/BaiViet/BUT13_2.jpg"" title=""Bút bi uốn dẻo hình ô"" width=""640px"" height=""570px"">
<br/>
<img class=""urlBaiViet"" src=""images/BUTBI/Loai_Butbi/CHITIET/BaiViet/BUT13_3.jpg"" title=""Bút bi uốn dẻo hình ô"" width=""640px"" height=""580px"">
<br/>
<img class=""urlBaiViet"" src=""images/BUTBI/Loai_Butbi/CHITIET/BaiViet/BUT13_4.jpg"" title=""Bút bi uốn dẻo hình ô"" width=""640px"" height=""580px"">
</div>","40","170",NULL,"38","1"
"14","1","1","Bút bi uốn dẻo hình quả bóng","BUT_BI_Pre (14).jpg","<div class=""MoTa""><ul>
<li>Chiều dài:20cm.</li>
<li>Chất liệu: Cao su.</li>
<li>Thân bút có một màu tùy vào màu bút bạn tha hồ chọn nhé!.</li>
<li>Đầu bút có hình quả bóng.</li></ul></div>","2015-02-15","30000","Butbi14.jpg","<div class=""BaiViet""><img class=""urlBaiViet"" src=""images/BUTBI/Loai_Butbi/CHITIET/BaiViet/BUT14.jpg"" title=""Bút bi uốn dẻo hình quả bóng"" width=""640px"" height=""600px"">
<br/>
<img class=""urlBaiViet"" src=""images/BUTBI/Loai_Butbi/CHITIET/BaiViet/BUT14_1.jpg"" title=""Bút bi uốn dẻo hình quả bóng"" width=""640px"" height=""580px"">
<br/>
<img class=""urlBaiViet"" src=""images/BUTBI/Loai_Butbi/CHITIET/BaiViet/BUT14_2.jpg"" title=""Bút bi uốn dẻo hình quả bóng"" width=""640px"" height=""570px"">
<br/>
<img class=""urlBaiViet"" src=""images/BUTBI/Loai_Butbi/CHITIET/BaiViet/BUT14_3.jpg"" title=""Bút bi uốn dẻo hình quả bóng"" width=""640px"" height=""580px"">
</div>","70","230",NULL,"59","1"
"15","1","1","Bút bi uốn dẻo hình quần vợt","BUT_BI_Pre (15).jpg","<div class=""MoTa""><ul>
<li>Chiều dài:21cm.</li>
<li>Chất liệu:Nhựa</li>
<li>Đầu bút là hình quần vợt.</li>
<li>Thân bút chỉ có một màu.</li></ul></div>","2015-02-15","20000","Butbi15.jpg","<div class=""BaiViet""><img class=""urlBaiViet"" src=""images/BUTBI/Loai_Butbi/CHITIET/BaiViet/BUT15.jpg"" title=""Bút bi uốn dẻo hình quần vợt"" width=""640px"" height=""600px"">
<br/>
<img class=""urlBaiViet"" src=""images/BUTBI/Loai_Butbi/CHITIET/BaiViet/BUT15_1.jpg"" title=""Bút bi uốn dẻo hình quần vợt"" width=""640px"" height=""580px"">
<br/>
<img class=""urlBaiViet"" src=""images/BUTBI/Loai_Butbi/CHITIET/BaiViet/BUT15_2.jpg"" title=""Bút bi uốn dẻo hình quần vợt"" width=""640px"" height=""570px"">
<br/>
<img class=""urlBaiViet"" src=""images/BUTBI/Loai_Butbi/CHITIET/BaiViet/BUT15_3.jpg"" title=""Bút bi uốn dẻo hình quần vợt"" width=""640px"" height=""580px"">
</div>","30","100",NULL,"32","1"
"16","1","1","Bút bi uốn dẻo râu ria","BUT_BI_Pre (16).jpg","<div class=""MoTa""><ul>
<li>Chiều dài:17cm.</li>
<li>Chất liệu: Chất dẻo.</li>
<li>Đầu bút là hình chú hài ngộ nghĩnh kèm theo hàm râu đen cong.</li>
<li>Thân bút bạn có thể bẻ cong nhiều phía mà không hề sợ bị gãy.</li></ul></div>","2015-02-15","38000","Butbi16.jpg","<div class=""BaiViet""><img class=""urlBaiViet"" src=""images/BUTBI/Loai_Butbi/CHITIET/BaiViet/BUT16.jpg"" title=""Bút bi uốn dẻo hình ô"" width=""640px"" height=""600px"">
<br/>
<img class=""urlBaiViet"" src=""images/BUTBI/Loai_Butbi/CHITIET/BaiViet/BUT16_1.jpg"" title=""Bút bi uốn dẻo râu ria"" width=""640px"" height=""580px"">
<br/>
<img class=""urlBaiViet"" src=""images/BUTBI/Loai_Butbi/CHITIET/BaiViet/BUT16_2.jpg"" title=""Bút bi uốn dẻo râu ria"" width=""640px"" height=""570px"">
<br/>
<img class=""urlBaiViet"" src=""images/BUTBI/Loai_Butbi/CHITIET/BaiViet/BUT16_3.jpg"" title=""Bút bi uốn dẻo râu ria"" width=""640px"" height=""580px"">
</div>","30","120",NULL,"33","1"
"17","1","1","Bút bi The Bianconeri","BUT_BI_Pre (17).jpg","<div class=""MoTa""><ul>
<li>Chiều dài:17cm.</li>
<li>Chất liệu:Nhựa.</li>
<li>Đầu bút là chú ngựa, bạn có thể gỡ cả đầu bút ra một cách dễ dàng.</li>
<li>Thân bút có màu sọc vằn đen.</li></ul></div>","2015-03-05","40000","Butbi17.jpg","<div class=""BaiViet""><img class=""urlBaiViet"" src=""images/BUTBI/Loai_Butbi/CHITIET/BaiViet/BUT17.jpg"" title=""Bút bi The Bianconeri"" width=""640px"" height=""600px"">
<br/>
<img class=""urlBaiViet"" src=""images/BUTBI/Loai_Butbi/CHITIET/BaiViet/BUT17_1.jpg"" title=""Bút bi The Bianconeri"" width=""640px"" height=""580px"">
<br/>
<img class=""urlBaiViet"" src=""images/BUTBI/Loai_Butbi/CHITIET/BaiViet/BUT17_2.jpg"" title=""Bút bi The Bianconeri"" width=""640px"" height=""570px"">
<br/>
<img class=""urlBaiViet"" src=""images/BUTBI/Loai_Butbi/CHITIET/BaiViet/BUT17_3.jpg"" title=""Bút bi The Bianconeri"" width=""640px"" height=""580px"">
</div>","80","58",NULL,"84","1"
"18","2","1","Hộp bút chì màu gấu xinh","BUT_CHI_GO_Pre (1).jpg","<div class=""MoTa""><ul>
<li>Kích thước: 10.5 x 3.5 cm.</li>
<li>Khối lượng: 35g.</li>
<li>Hộp gồm 12 chiếc bút chì màu 9 x 0.5 cm.</li>
</ul></div>","2015-02-15","520000","Butchi1.jpg","<div class=""BaiViet""><img class=""urlBaiViet"" src=""images/BUTBI/Loai_Butchigo/CHITIET/BaiViet/BUT1.jpg"" title=""Hộp bút chì màu gấu xinh"" width=""640px"" height=""600px"">
<br/>
<img class=""urlBaiViet"" src=""images/BUTBI/Loai_Butchigo/CHITIET/BaiViet/BUT1_1.jpg"" title=""Hộp bút chì màu gấu xinh"" width=""640px"" height=""600px"">
<br/>
<img class=""urlBaiViet"" src=""images/BUTBI/Loai_Butchigo/CHITIET/BaiViet/BUT1_2.jpg"" title=""Hộp bút chì màu gấu xinh"" width=""640px"" height=""600px"">
<br/>
<img class=""urlBaiViet"" src=""images/BUTBI/Loai_Butchigo/CHITIET/BaiViet/BUT1_3.jpg"" title=""Hộp bút chì màu gấu xinh"" width=""640px"" height=""600px"">
<br/>
<img class=""urlBaiViet"" src=""images/BUTBI/Loai_Butchigo/CHITIET/BaiViet/BUT1_4.jpg"" title=""Hộp bút chì màu gấu xinh"" width=""640px"" height=""600px"">
<br/>
</div>","30","120",NULL,"37","1"
"19","2","1","Hộp bút chì màu Floating Town","BUT_CHI_GO_Pre (2).jpg","<div class=""MoTa""><ul>
<li>Khối lượng: 35g.</li>
<li>Kích thước: 10.5 x 3.5 cm.</li>
<li>Hộp gồm 12 chiếc bút chì màu 9 x 0.5 cm.</li>
</ul></div>","2015-02-15","42000","Butchi2.jpg","<div class=""BaiViet""><img class=""urlBaiViet"" src=""images/BUTBI/Loai_Butchigo/CHITIET/BaiViet/BUT2.jpg"" title=""Hộp bút chì màu Floating Town"" width=""640px"" height=""600px"">
<br/>
<img class=""urlBaiViet"" src=""images/BUTBI/Loai_Butchigo/CHITIET/BaiViet/BUT2_1.jpg"" title=""Hộp bút chì màu Floating Town"" width=""640px"" height=""600px"">
<br/>
<img class=""urlBaiViet"" src=""images/BUTBI/Loai_Butchigo/CHITIET/BaiViet/BUT2_2.jpg"" title=""Hộp bút chì màu Floating Town"" width=""640px"" height=""600px"">
</div>","20","130",NULL,"15","1"
"20","2","1","Bút chì gỗ cú mèo gấu heo khỉ ốc sên","BUT_CHI_GO_Pre (3).jpg","<div class=""MoTa""><ul>
<li>Kích thước: 22 cm.</li>
<li>Bút chì gỗ cú mèo gấu heo khỉ ốc sên được làm từ loại gỗ thiên nhiên cao cấp, kiểu dáng thon gọn, dễ dàng cầm nắm, hoa văn tinh tế, đẹp mắt in dọc trên thân bút, ruột chì cứng cáp, nét chì rõ ràng và sắc nét. Bút chì gỗ cú mèo gấu heo khỉ ốc sên sử dụng lý tưởng cho việc ghi chép và mang đến nguồn ý tưởng trong hội hoạ.</li>
<li>ĐẶC ĐIỂM NỔI BẬT:<br/>
<ul>
		<li> Làm từ gỗ cao cấp.</li>
		<li>Trang trí hình con vật dễ thương.</li>
<li>Kiểu dáng thon gọn, cầm vừa tay.</li>
		<li>Ruột chì cứng cáp được đặc chế từ đất sét đặc biệt cho nét chì thanh mảnh với độ đậm nhạt vừa phải.</li>
		<li>Rất thích hợp cho công việc văn phòng và học sinh.</li>
		<li>Không chứa các chất độc hại, đạt tiêu chuẩn an toàn.</li>
</ul>
</li>
</ul></div>","2015-02-15","19000","Butchi3.jpg","<div class=""BaiViet""><img class=""urlBaiViet"" src=""images/BUTBI/Loai_Butchigo/CHITIET/BaiViet/BUT3.jpg"" title=""Bút chì gỗ cú mèo gấu heo khỉ ốc sên"" width=""640px"" height=""600px"">
<br/>
<img class=""urlBaiViet"" src=""images/BUTBI/Loai_Butchigo/CHITIET/BaiViet/BUT3_1.jpg"" title=""Bút chì gỗ cú mèo gấu heo khỉ ốc sên"" width=""640px"" height=""600px"">
</div>","30","90",NULL,"34","1"
"21","2","1","Bút chì gỗ con vật","BUT_CHI_GO_Pre (4).jpg","<div class=""MoTa""><ul>
<li>Kích thước: 23cm.</li>
<li>Bút chì gỗ con vật được làm từ loại gỗ thiên nhiên cao cấp, kiểu dáng thon gọn, dễ dàng cầm nắm, màu sắc đẹp mắt in dọc trên thân bút, ruột chì cứng cáp, nét chì rõ ràng và sắc nét. Bút chì gỗ con vật sử dụng lý tưởng cho việc ghi chép và mang đến nguồn ý tưởng trong hội hoạ.</li>
<li>ĐẶC ĐIỂM NỔI BẬT:<br/>
<ul>
		<li>Chất liệu được làm từ gỗ.</li>
		<li>Trang trí hình thú ngộ nghĩnh dễ thương.</li>
<li>Kiểu dáng thon gọn, cầm vừa tay.</li>
		<li>Ruột chì cứng cáp được đặc chế từ đất sét đặc biệt cho nét chì thanh mảnh với độ đậm nhạt vừa phải.</li>
		<li>Rất thích hợp cho công việc văn phòng và học sinh.</li>
		<li>Không chứa các chất độc hại, đạt tiêu chuẩn an toàn.</li>
</ul>
</li>
</ul></div>","2015-02-16","24000","Butchi4.jpg","<div class=""BaiViet""><img class=""urlBaiViet"" src=""images/BUTBI/Loai_Butchigo/CHITIET/BaiViet/BUT4.jpg"" title=""Bút chì gỗ con vật"" width=""640px"" height=""600px"">
<br/>
<img class=""urlBaiViet"" src=""images/BUTBI/Loai_Butchigo/CHITIET/BaiViet/BUT4_1.jpg"" title=""Bút chì gỗ con vật"" width=""640px"" height=""600px"">
<br/>
<img class=""urlBaiViet"" src=""images/BUTBI/Loai_Butchigo/CHITIET/BaiViet/BUT4_2.jpg"" title=""Bút chì gỗ con vật"" width=""640px"" height=""600px"">
</div>","39","120",NULL,"12","1"
"22","2","1","Bút chì gỗ động vật ngộ nghĩnh","BUT_CHI_GO_Pre (5).jpg","<div class=""MoTa""><ul>
<li>Kích thước: 22cm.</li>
<li>Bút chì gỗ con vật được làm từ loại gỗ thiên nhiên cao cấp, kiểu dáng thon gọn, dễ dàng cầm nắm, màu sắc đẹp mắt in dọc trên thân bút, ruột chì cứng cáp, nét chì rõ ràng và sắc nét. Bút chì gỗ con vật sử dụng lý tưởng cho việc ghi chép và mang đến nguồn ý tưởng trong hội hoạ.</li>
<li>ĐẶC ĐIỂM NỔI BẬT:<br/>
<ul>
		<li>Chất liệu được làm từ gỗ.</li>
		<li>Trang trí đầu thú dễ thương.</li>
<li>Kiểu dáng thon gọn, cầm vừa tay.</li>
		<li>Ruột chì cứng cáp được đặc chế từ đất sét đặc biệt cho nét chì thanh mảnh với độ đậm nhạt vừa phải.</li>
		<li>Rất thích hợp cho công việc văn phòng và học sinh.</li>
		<li>Không chứa các chất độc hại, đạt tiêu chuẩn an toàn.</li>
</ul>
</li>
</ul></div>","2015-02-16","30000","Butchi5.jpg","<div class=""BaiViet""><img class=""urlBaiViet"" src=""images/BUTBI/Loai_Butchigo/CHITIET/BaiViet/BUT5.jpg"" title=""Bút chì gỗ động vật ngộ nghĩnh"" width=""640px"" height=""580px"">
<br/>
<img class=""urlBaiViet"" src=""images/BUTBI/Loai_Butchigo/CHITIET/BaiViet/BUT5_1.jpg"" title=""Bút chì gỗ động vật ngộ nghĩnh"" width=""640px"" height=""590px"">
<br/>
<img class=""urlBaiViet"" src=""images/BUTBI/Loai_Butchigo/CHITIET/BaiViet/BUT5_2.jpg"" title=""Bút chì gỗ động vật ngộ nghĩnh"" width=""640px"" height=""580px"">
</div>","30","100",NULL,"20","1"
"23","2","1","Bút chì gỗ con ong","BUT_CHI_GO_Pre (6).jpg","<div class=""MoTa""><ul>
<li>Kích thước: 22cm.</li>
<li>Bút chì gỗ con ong được làm từ loại gỗ thiên nhiên cao cấp, kiểu dáng thon gọn, dễ dàng cầm nắm, hoa văn tinh tế, đẹp mắt in dọc trên thân bút, ruột chì cứng cáp, nét chì rõ ràng và sắc nét. Bút chì gỗ con ong sử dụng lý tưởng cho việc ghi chép và mang đến nguồn ý tưởng trong hội hoạ.</li>
<li>ĐẶC ĐIỂM NỔI BẬT:<br/>
<ul>
		<li>Làm từ gỗ cao cấp.</li>
		<li>Trang trí hình con ong dễ thương.</li>
<li>Kiểu dáng thon gọn, cầm vừa tay.</li>
		<li>Ruột chì cứng cáp được đặc chế từ đất sét đặc biệt cho nét chì thanh mảnh với độ đậm nhạt vừa phải.</li>
		<li>Rất thích hợp cho công việc văn phòng và học sinh.</li>
		<li>Không chứa các chất độc hại, đạt tiêu chuẩn an toàn.</li>
</ul>
</li>
</ul></div>","2015-02-16","30000","Butchi6.jpg","<div class=""BaiViet""><img class=""urlBaiViet"" src=""images/BUTBI/Loai_Butchigo/CHITIET/BaiViet/BUT6.jpg"" title=""Bút chì gỗ con ong"" width=""640px"" height=""600px"">
<br/>
<img class=""urlBaiViet"" src=""images/BUTBI/Loai_Butchigo/CHITIET/BaiViet/BUT6_1.jpg"" title=""Bút chì gỗ con ong"" width=""640px"" height=""580px"">
<br/>
<img class=""urlBaiViet"" src=""images/BUTBI/Loai_Butchigo/CHITIET/BaiViet/BUT6_2.jpg"" title=""Bút chì gỗ con ong"" width=""640px"" height=""590px"">
</div>","40","23",NULL,"20","1"
"24","2","1","Bút chì gỗ em bé","BUT_CHI_GO_Pre (7).jpg","<div class=""MoTa""><ul>
<li>Kích thước: 22cm.</li>
<li>Bút chì gỗ em bé được làm từ loại gỗ thiên nhiên cao cấp, kiểu dáng thon gọn, dễ dàng cầm nắm, màu sắc đẹp mắt in dọc trên thân bút, ruột chì cứng cáp, nét chì rõ ràng và sắc nét.</li>
<li>ĐẶC ĐIỂM NỔI BẬT:<br/>
<ul>
		<li>Chất liệu được làm từ gỗ.</li>
		<li>Trang trí hình thú ngộ nghĩnh dễ thương.</li>
<li>Kiểu dáng thon gọn, cầm vừa tay.</li>
		<li>Ruột chì cứng cáp được đặc chế từ đất sét đặc biệt cho nét chì thanh mảnh với độ đậm nhạt vừa phải.</li>
		<li>Rất thích hợp cho công việc văn phòng và học sinh.</li>
		<li>Có 5 mẫu như hình:
		(từ trái qua phải: trắng, hồng, đỏ kẻ, xanh dương, đỏ hoa)</li>
</ul>
</li>
</ul></div>","2015-02-16","19000","Butchi7.jpg","<div class=""BaiViet""><img class=""urlBaiViet"" src=""images/BUTBI/Loai_Butchigo/CHITIET/BaiViet/BUT7.jpg"" title=""Bút chì gỗ em bé"" width=""640px"" height=""590px"">
<br/>
<img class=""urlBaiViet"" src=""images/BUTBI/Loai_Butchigo/CHITIET/BaiViet/BUT7_1.jpg"" title=""Bút chì gỗ em bé"" width=""640px"" height=""580px"">
<br/>
<img class=""urlBaiViet"" src=""images/BUTBI/Loai_Butchigo/CHITIET/BaiViet/BUT7_2.jpg"" title=""Bút chì gỗ em bé"" width=""640px"" height=""580px"">
</div>","25","38",NULL,"26","1"
"25","2","1","Bút chì gỗ Noel","BUT_CHI_GO_Pre (8).jpg","<div class=""MoTa""><ul>
<li>Kích thước: 22cm.</li>
<li>Bút chì gỗ Noel được làm từ loại gỗ thiên nhiên cao cấp, kiểu dáng thon gọn, dễ dàng cầm nắm, hoa văn tinh tế, đẹp mắt in dọc trên thân bút, ruột chì cứng cáp, nét chì rõ ràng và sắc nét.</li>
<li>ĐẶC ĐIỂM NỔI BẬT:<br/>
<ul>
		<li>Làm từ gỗ cao cấp.</li>
<li>Kiểu dáng thon gọn, cầm vừa tay.</li>
		<li>Ruột chì cứng cáp được đặc chế từ đất sét đặc biệt cho nét chì thanh mảnh với độ đậm nhạt vừa phải.</li>
		<li>Rất thích hợp cho công việc văn phòng và học sinh.</li>
		<li>Không chứa các chất độc hại, đạt tiêu chuẩn an toàn.</li>
</ul>
</li>
</ul></div>","2015-02-16","19000","Butchi8.jpg","<div class=""BaiViet""><img class=""urlBaiViet"" src=""images/BUTBI/Loai_Butchigo/CHITIET/BaiViet/BUT8.jpg"" title=""Bút chì gỗ Noel"" width=""640px"" height=""600px"">
<br/>
<img class=""urlBaiViet"" src=""images/BUTBI/Loai_Butchigo/CHITIET/BaiViet/BUT8_1.jpg"" title=""Bút chì gỗ Noel"" width=""640px"" height=""580px"">
<br/>
<img class=""urlBaiViet"" src=""images/BUTBI/Loai_Butchigo/CHITIET/BaiViet/BUT8_2.jpg"" title=""Bút chì gỗ Noel"" width=""640px"" height=""590px"">
</div>","20","40",NULL,"10","1"
"26","2","1","Bút chì gỗ dâu tây","BUT_CHI_GO_Pre (9).jpg","<div class=""MoTa""><ul>
<li>Kích thước: 22cm.</li>
<li>Bút chì gỗ dâu tây được làm từ loại gỗ thiên nhiên cao cấp, kiểu dáng thon gọn, dễ dàng cầm nắm, hoa văn tinh tế, đẹp mắt in dọc trên thân bút, ruột chì cứng cáp, nét chì rõ ràng và sắc nét.</li>
<li>ĐẶC ĐIỂM NỔI BẬT:<br/>
<ul>
		<li>Làm từ gỗ cao cấp.</li>
		<li>Trang trí hình dâu tây dễ thương.</li>
<li>Kiểu dáng thon gọn, cầm vừa tay.</li>
		<li>Ruột chì cứng cáp được đặc chế từ đất sét đặc biệt cho nét chì thanh mảnh với độ đậm nhạt vừa phải.</li>
		<li>Rất thích hợp cho công việc văn phòng và học sinh.</li>
		<li>Không chứa các chất độc hại, đạt tiêu chuẩn an toàn.</li>
</ul>
</li>
</ul></div>","2015-02-16","24000","Butchi9.jpg","<div class=""BaiViet""><img class=""urlBaiViet"" src=""images/BUTBI/Loai_Butchigo/CHITIET/BaiViet/BUT9.jpg"" title=""Bút chì gỗ dâu tây"" width=""640px"" height=""590px"">
</div>","45","24",NULL,"28","1"
"27","2","1","Bút chì gỗ chữ số","BUT_CHI_GO_Pre (10).jpg","<div class=""MoTa""><ul>
<li>Kích thước: 22cm.</li>
<li>Khối lượng: 10g.</li>
<li>ĐẶC ĐIỂM NỔI BẬT:<br/>
<ul>
		<li>Làm từ gỗ cao cấp.</li>
		<li>Trang trí hình con số dễ thương.</li>
<li>Kiểu dáng thon gọn, cầm vừa tay.</li>
		<li>Ruột chì cứng cáp được đặc chế từ đất sét đặc biệt cho nét chì thanh mảnh với độ đậm nhạt vừa phải.</li>
		<li>Rất thích hợp cho công việc văn phòng và học sinh.</li>
		<li>Không chứa các chất độc hại, đạt tiêu chuẩn an toàn.</li>
</ul>
</li>
</ul></div>","2015-02-16","22000","Butchi10.jpg","<div class=""BaiViet""><img class=""urlBaiViet"" src=""images/BUTBI/Loai_Butchigo/CHITIET/BaiViet/BUT10.jpg"" title=""Bút chì gỗ chữ số"" width=""640px"" height=""580px"">
</div>","22","19",NULL,"22","1"
"28","2","1","Bút chì gỗ hoa quả","BUT_CHI_GO_Pre (11).jpg","<div class=""MoTa""><ul>
<li>Kích thước: 20cm.</li>
<li>Bút chì gỗ hoa quả được làm từ loại gỗ thiên nhiên cao cấp, kiểu dáng thon gọn, dễ dàng cầm nắm, hoa văn tinh tế, đẹp mắt in dọc trên thân bút, ruột chì cứng cáp, nét chì rõ ràng và sắc nét.</li>
<li>ĐẶC ĐIỂM NỔI BẬT:<br/>
<ul>
		<li>Làm từ gỗ cao cấp.</li>
		<li>Trang trí hình hoa quả dễ thương.</li>
<li>Kiểu dáng thon gọn, cầm vừa tay.</li>
		<li>Ruột chì cứng cáp được đặc chế từ đất sét đặc biệt cho nét chì thanh mảnh với độ đậm nhạt vừa phải.</li>
		<li>Rất thích hợp cho công việc văn phòng và học sinh.</li>
		<li>Không chứa các chất độc hại, đạt tiêu chuẩn an toàn.</li>
</ul>
</li>
</ul></div>","2015-02-16","21000","Butchi11.jpg","<div class=""BaiViet""><img class=""urlBaiViet"" src=""images/BUTBI/Loai_Butchigo/CHITIET/BaiViet/BUT11.jpg"" title=""Bút chì gỗ hoa quả"" width=""640px"" height=""590px"">
<br/>
<img class=""urlBaiViet"" src=""images/BUTBI/Loai_Butchigo/CHITIET/BaiViet/BUT11_1.jpg"" title=""Bút chì gỗ hoa quả"" width=""640px"" height=""590px"">
</div>","12","38",NULL,"15","1"
"29","2","1","Bút chì gỗ xe cộ","BUT_CHI_GO_Pre (12).jpg","<div class=""MoTa""><ul>
<li>Kích thước: 19.5cm.</li>
<li>Khối lượng: 10g.</li>
<li>ĐẶC ĐIỂM NỔI BẬT:<br/>
<ul>
		<li>Làm từ gỗ cao cấp.</li>
		<li>Trang trí hình xe cộ tây dễ thương.</li>
<li>Kiểu dáng thon gọn, cầm vừa tay.</li>
		<li>Ruột chì cứng cáp được đặc chế từ đất sét đặc biệt cho nét chì thanh mảnh với độ đậm nhạt vừa phải.</li>
		<li>Rất thích hợp cho công việc văn phòng và học sinh.</li>
		<li>Không chứa các chất độc hại, đạt tiêu chuẩn an toàn.</li>
</ul>
</li>
</ul></div>","2015-02-16","13000","Butchi12.jpg","<div class=""BaiViet""><img class=""urlBaiViet"" src=""images/BUTBI/Loai_Butchigo/CHITIET/BaiViet/BUT12.jpg"" title=""Bút chì gỗ xe cộ"" width=""640px"" height=""590px"">
<br/>
<img class=""urlBaiViet"" src=""images/BUTBI/Loai_Butchigo/CHITIET/BaiViet/BUT12_1.jpg"" title=""Bút chì gỗ xe cộ"" width=""640px"" height=""590px"">
<br/>
<img class=""urlBaiViet"" src=""images/BUTBI/Loai_Butchigo/CHITIET/BaiViet/BUT12_2.jpg"" title=""Bút chì gỗ xe cộ"" width=""640px"" height=""590px"">
</div>","10","28",NULL,"5","1"
"30","2","1","Bút chì gỗ nốt nhạc","BUT_CHI_GO_Pre (13).jpg","<div class=""MoTa""><ul>
<li>Kích thước: 19.5cm.</li>
<li>Khối lượng: 10g.</li>
<li>ĐẶC ĐIỂM NỔI BẬT:<br/>
<ul>
		<li>Làm từ gỗ cao cấp.</li>
		<li>Trang trí hình nốt nhạc dễ thương.</li>
<li>Kiểu dáng thon gọn, cầm vừa tay.</li>
		<li>Ruột chì cứng cáp được đặc chế từ đất sét đặc biệt cho nét chì thanh mảnh với độ đậm nhạt vừa phải.</li>
		<li>Rất thích hợp cho công việc văn phòng và học sinh.</li>
		<li>Không chứa các chất độc hại, đạt tiêu chuẩn an toàn.</li>
</ul>
</li>
</ul></div>","2015-02-16","19000","Butchi13.jpg","<div class=""BaiViet""><img class=""urlBaiViet"" src=""images/BUTBI/Loai_Butchigo/CHITIET/BaiViet/BUT13.jpg"" title=""Bút chì gỗ nốt nhạc"" width=""640px"" height=""590px"">
</div>","14","28",NULL,"5","1"
"31","2","1","Bút chì gỗ thú mặt tròn dây lắc cánh quạt","BUT_CHI_GO_Pre (14).jpg","<div class=""MoTa""><ul>
<li>Kích thước: 22cm.</li>
<li>Khối lượng: 10g.</li>
<li>Được trang trí với thú dây lắc mặt tròn cánh quạt vô cùng độc đáo.</li>
<li>ĐẶC ĐIỂM NỔI BẬT:<br/>
<ul>
		<li>Làm từ gỗ cao cấp.</li>
<li>Kiểu dáng thon gọn, cầm vừa tay.</li>
		<li>Ruột chì cứng cáp được đặc chế từ đất sét đặc biệt cho nét chì thanh mảnh với độ đậm nhạt vừa phải.</li>
		<li>Rất thích hợp cho công việc văn phòng và học sinh.</li>
		<li>Không chứa các chất độc hại, đạt tiêu chuẩn an toàn.</li>
</ul>
</li>
</ul></div>","2015-02-16","26000","Butchi14.jpg","<div class=""BaiViet""><img class=""urlBaiViet"" src=""images/BUTBI/Loai_Butchigo/CHITIET/BaiViet/BUT14.jpg"" title=""Bút chì gỗ thú mặt tròn dây lắc cánh quạt"" width=""640px"" height=""590px"">
</div>","12","48",NULL,"14","1"
"32","2","1","Bút chì gỗ bánh & kem","BUT_CHI_GO_Pre (15).jpg","<div class=""MoTa""><ul>
<li>Kích thước: 22cm.</li>
<li>Khối lượng: 12g</li>
<li>Bút chì gỗ bánh & kem được làm từ loại gỗ thiên nhiên cao cấp, kiểu dáng thon gọn, dễ dàng cầm nắm, hoa văn tinh tế, đẹp mắt in dọc trên thân bút, ruột chì cứng cáp, nét chì rõ ràng và sắc nét.</li>
<li>ĐẶC ĐIỂM NỔI BẬT:<br/>
<ul>
		<li>Làm từ gỗ cao cấp.</li>
		<li>Trang trí hình bánh và kem dễ thương.</li>
<li>Kiểu dáng thon gọn, cầm vừa tay.</li>
		<li>Ruột chì cứng cáp được đặc chế từ đất sét đặc biệt cho nét chì thanh mảnh với độ đậm nhạt vừa phải.</li>
		<li>Rất thích hợp cho công việc văn phòng và học sinh.</li>
		<li>Không chứa các chất độc hại, đạt tiêu chuẩn an toàn.</li>
</ul>
</li>
</ul></div>","2015-02-16","24000","Butchi15.jpg","<div class=""BaiViet""><img class=""urlBaiViet"" src=""images/BUTBI/Loai_Butchigo/CHITIET/BaiViet/BUT15.jpg"" title=""Bút chì gỗ bánh & kem"" width=""640px"" height=""590px"">
</div>","14","40",NULL,"19","1"
"33","2","1","Bút chì gỗ ốc sên bướm vịt","BUT_CHI_GO_Pre (16).jpg","<div class=""MoTa""><ul>
<li>Kích thước: 22cm.</li>
<li>Khối lượng: 12g</li>
<li>Bút chì gỗ ốc sên bướm vịt được làm từ loại gỗ thiên nhiên cao cấp, kiểu dáng thon gọn, dễ dàng cầm nắm, hoa văn tinh tế, đẹp mắt in dọc trên thân bút, ruột chì cứng cáp, nét chì rõ ràng và sắc nét.</li>
<li>ĐẶC ĐIỂM NỔI BẬT:<br/>
<ul>
		<li>Làm từ gỗ cao cấp.</li>
<li>Kiểu dáng thon gọn, cầm vừa tay.</li>
		<li>Ruột chì cứng cáp được đặc chế từ đất sét đặc biệt cho nét chì thanh mảnh với độ đậm nhạt vừa phải.</li>
		<li>Rất thích hợp cho công việc văn phòng và học sinh.</li>
		<li>Không chứa các chất độc hại, đạt tiêu chuẩn an toàn.</li>
</ul>
</li>
</ul></div>","2015-02-16","28000","Butchi16.jpg","<div class=""BaiViet""><img class=""urlBaiViet"" src=""images/BUTBI/Loai_Butchigo/CHITIET/BaiViet/BUT16.jpg"" title=""Bút chì gỗ ốc sên bướm vịt"" width=""640px"" height=""590px"">
<br/>
<img class=""urlBaiViet"" src=""images/BUTBI/Loai_Butchigo/CHITIET/BaiViet/BUT16_1.jpg"" title=""Bút chì gỗ ốc sên bướm vịt"" width=""640px"" height=""590px"">
<br/>
<img class=""urlBaiViet"" src=""images/BUTBI/Loai_Butchigo/CHITIET/BaiViet/BUT16_2.jpg"" title=""Bút chì gỗ ốc sên bướm vịt"" width=""640px"" height=""590px"">
</div>","9","40",NULL,"22","1"
"34","3","1","Bút nước The Bianconeri","BUT_NUOC_Pre (1).jpg","<div class=""MoTa""><ul>
<li>Hãng: SCM.</li>
<li>Kích thước: 17 x 5.5 cm.</li>
<li>Đầu bi 0.38mm mũi kim.</li>
<li>Trọng lượng:15g.</li>
</ul></div>","2015-02-19","15000","Butnuoc1.jpg","<div class=""BaiViet""><img class=""urlBaiViet"" src=""images/BUTBI/Loai_Butnuoc/CHITIET/BaiViet/BUT1.jpg"" title=""Bút nước The Bianconeri"" width=""640px"" height=""590px"">
<br/>
<img class=""urlBaiViet"" src=""images/BUTBI/Loai_Butnuoc/CHITIET/BaiViet/BUT1_1.jpg"" title=""Bút nước The Bianconeri"" width=""640px"" height=""580px"">
<br/>
<img class=""urlBaiViet"" src=""images/BUTBI/Loai_Butnuoc/CHITIET/BaiViet/BUT1_2.jpg"" title=""Bút nước The Bianconeri"" width=""640px"" height=""590px"">
<br/>
<img class=""urlBaiViet"" src=""images/BUTBI/Loai_Butnuoc/CHITIET/BaiViet/BUT1_3.jpg"" title=""Bút nước The Bianconeri"" width=""640px"" height=""590px"">
</div>","30","40",NULL,"30","1"
"35","3","1","Bút bi nước The Freshness and Peace","BUT_NUOC_Pre (2).jpg","<div class=""MoTa""><ul>
<li>Hãng: SCM.</li>
<li>Kích thước: dài 14.6cm, đầu bi 0.38mm mũi kim.</li>
<li>Trọng lượng:15g.</li>
<li>Vỏ nhựa mờ.</li>
</ul></div>","2015-02-19","16000","Butnuoc2.jpg","<div class=""BaiViet""><img class=""urlBaiViet"" src=""images/BUTBI/Loai_Butnuoc/CHITIET/BaiViet/BUT2.jpg"" title=""Bút bi nước The Freshness and Peace"" width=""640px"" height=""590px"">
<br/>
<img class=""urlBaiViet"" src=""images/BUTBI/Loai_Butnuoc/CHITIET/BaiViet/BUT2_1.jpg"" title=""Bút bi nước The Freshness and Peace"" width=""640px"" height=""580px"">
<br/>
<img class=""urlBaiViet"" src=""images/BUTBI/Loai_Butnuoc/CHITIET/BaiViet/BUT2_2.jpg"" title=""Bút bi nước The Freshness and Peace"" width=""640px"" height=""590px"">
</div>","22","48",NULL,"30","1"
"36","3","1","Bút bi kẻ caro Noble","BUT_NUOC_Pre (3).jpg","<div class=""MoTa""><ul>
<li>Hãng: SCM.</li>
<li>Kích thước: 15.1cm.</li>
<li>Đầu bi 0.5mm mũi kim, mực ra đều, không bay màu.</li>
<li>Trọng lượng:14g.</li>
<li>Có 2 màu: xanh, đỏ;1 hộp gồm 12 chiếc.</li>
</ul></div>","2015-02-19","22000","Butnuoc3.jpg","<div class=""BaiViet""><img class=""urlBaiViet"" src=""images/BUTBI/Loai_Butnuoc/CHITIET/BaiViet/BUT3.jpg"" title=""Bút bi kẻ caro Noble"" width=""640px"" height=""590px"">
<br/>
<img class=""urlBaiViet"" src=""images/BUTBI/Loai_Butnuoc/CHITIET/BaiViet/BUT3_1.jpg"" title=""Bút bi kẻ caro Noble"" width=""640px"" height=""580px"">
<br/>
<img class=""urlBaiViet"" src=""images/BUTBI/Loai_Butnuoc/CHITIET/BaiViet/BUT3_2.jpg"" title=""Bút bi kẻ caro Noble"" width=""640px"" height=""590px"">
<br/>
<img class=""urlBaiViet"" src=""images/BUTBI/Loai_Butnuoc/CHITIET/BaiViet/BUT3_3.jpg"" title=""Bút bi kẻ caro Noble"" width=""640px"" height=""590px"">
</div>","22","60",NULL,"34","1"
"37","3","1","Bút bi nước cà phê","BUT_NUOC_Pre (4).jpg","<div class=""MoTa""><ul>
<li>Hãng: SCM.</li>
<li>Kích thước: 15.6cm.</li>
<li>Đầu bi 0.38mm mũi kim, mực ra đều, không bay màu.</li>
<li>Trọng lượng:14g.</li>
<li>Có 3 màu: xanh, đen, đỏ.</li>
</ul></div>","2015-02-19","22000","Butnuoc4.jpg","<div class=""BaiViet""><img class=""urlBaiViet"" src=""images/BUTBI/Loai_Butnuoc/CHITIET/BaiViet/BUT4.jpg"" title=""Bút bi nước cà phê"" width=""640px"" height=""580px"">
<br/>
<img class=""urlBaiViet"" src=""images/BUTBI/Loai_Butnuoc/CHITIET/BaiViet/BUT4_1.jpg"" title=""Bút bi nước cà phê"" width=""640px"" height=""580px"">
<br/>
<img class=""urlBaiViet"" src=""images/BUTBI/Loai_Butnuoc/CHITIET/BaiViet/BUT4_2.jpg"" title=""Bút bi nước cà phê"" width=""640px"" height=""590px"">
</div>","34","120",NULL,"22","1"
"38","3","1","Bút bi nước đuôi kẻ caro MOSAIC","BUT_NUOC_Pre (5).jpg","<div class=""MoTa""><ul>
<li>Hãng: SCM.</li>
<li>Kích thước: 15.6cm.</li>
<li>Đầu bi 0.35mm mũi kim, mực ra đều, không bay màu.</li>
<li>Trọng lượng:14g.</li>
</ul></div>","2015-02-19","12000","Butnuoc5.jpg","<div class=""BaiViet""><img class=""urlBaiViet"" src=""images/BUTBI/Loai_Butnuoc/CHITIET/BaiViet/BUT5.jpg"" title=""Bút bi nước đuôi kẻ caro MOSAIC"" width=""640px"" height=""580px"">
<br/>
<img class=""urlBaiViet"" src=""images/BUTBI/Loai_Butnuoc/CHITIET/BaiViet/BUT5_1.jpg"" title=""Bút bi nước đuôi kẻ caro MOSAIC"" width=""640px"" height=""580px"">
<br/>
<img class=""urlBaiViet"" src=""images/BUTBI/Loai_Butnuoc/CHITIET/BaiViet/BUT5_2.jpg"" title=""Bút bi nước đuôi kẻ caro MOSAIC"" width=""640px"" height=""590px"">
<br/>
<img class=""urlBaiViet"" src=""images/BUTBI/Loai_Butnuoc/CHITIET/BaiViet/BUT5_3.jpg"" title=""Bút bi nước đuôi kẻ caro MOSAIC"" width=""640px"" height=""570px"">
</div>","12","90",NULL,"44","1"
"39","3","1","Bút bi nước chấm bi đen trắng","BUT_NUOC_Pre (6).jpg","<div class=""MoTa""><ul>
<li>Hãng: SCM.</li>
<li>Nắp bút dài 2.5cm đường kính 1.5cm màu trong suốt.</li>
<li>Đầu bi 0.35mm, mũi kim, mực ra đều, không bay màu.</li>
<li>Thân bút dài 15.3cm đường kính 0.7cm vỏ  bút bằng nhựa mờ trang trí bằng họa tiết chấm bi và kẻ.</li>
<li>Đuôi bút màu trắng, hình bán cầu gắn chặt với thân bút.</li>
</ul></div>","2015-02-19","22000","Butnuoc6.jpg","<div class=""BaiViet""><img class=""urlBaiViet"" src=""images/BUTBI/Loai_Butnuoc/CHITIET/BaiViet/BUT6.jpg"" title=""Bút bi nước chấm bi đen trắng"" width=""640px"" height=""570px"">
<br/>
<img class=""urlBaiViet"" src=""images/BUTBI/Loai_Butnuoc/CHITIET/BaiViet/BUT6_1.jpg"" title=""Bút bi nước chấm bi đen trắng"" width=""640px"" height=""580px"">
<br/>
<img class=""urlBaiViet"" src=""images/BUTBI/Loai_Butnuoc/CHITIET/BaiViet/BUT6_2.jpg"" title=""Bút bi nước chấm bi đen trắng"" width=""640px"" height=""580px"">
</div>","32","90",NULL,"44","1"
"40","3","1","Bút bi nước ngôi sao Let's Party Girl","BUT_NUOC_Pre (7).jpg","<div class=""MoTa""><ul>
<li>Hãng: SCM.</li>
<li>Có 3 mẫu: xanh lá, đen, trắng.</li>
<li>Mô tả chi tiết bút:</li>
<ul>
<li>Nắp bút dài 4.1cm đường kính 1cm đỉnh nắp hình mặt kim cương cùng màu thân bút.</li>
<li>Đầu bi 0.38mm, mũi kim, mực ra đều, không bay màu.</li>
<li>Thân bút dài 13.9cm đường kính 0.8cm, được trang trí bằng họa tiết sao và chữ tiếng Anh.</li>
</ul></li>
</ul></div>","2015-02-19","20000","Butnuoc7.jpg","<div class=""BaiViet""><img class=""urlBaiViet"" src=""images/BUTBI/Loai_Butnuoc/CHITIET/BaiViet/BUT7.jpg"" title=""Bút bi nước ngôi sao Let's Party Girl"" width=""640px"" height=""570px"">
<br/>
<img class=""urlBaiViet"" src=""images/BUTBI/Loai_Butnuoc/CHITIET/BaiViet/BUT7_1.jpg"" title=""Bút bi nước ngôi sao Let's Party Girl"" width=""640px"" height=""580px"">
<br/>
<img class=""urlBaiViet"" src=""images/BUTBI/Loai_Butnuoc/CHITIET/BaiViet/BUT7_2.jpg"" title=""Bút bi nước ngôi sao Let's Party Girl"" width=""640px"" height=""570px"">
</div>","10","38",NULL,"22","1"
"41","3","1","Bút bi nước Bow Memories kẻ và nơ","BUT_NUOC_Pre (8).jpg","<div class=""MoTa""><ul>
<li>Hãng: SCM.</li>
<li>Mô tả chi tiết bút:</li>
<ul>
<li>Nắp bút dài 4.4cm đường kính 1cm, đầu nắp bút màu trắng thiết kế hình mặt kim cương.</li>
<li>Đầu bi 0.38mm mũi kim mực ra đều, đẹp, không bay màu.</li>
<li>Thân bút dài 14.1cm đường kính 0.8cm khi cầm bút viết rất thoải mái, thân bút có các chi tiết trang trí: kẻ, hoa văn, nơ.</li>
</ul></li>
</ul></div>","2015-02-20","22000","Butnuoc8.jpg","<div class=""BaiViet""><img class=""urlBaiViet"" src=""images/BUTBI/Loai_Butnuoc/CHITIET/BaiViet/BUT8.jpg"" title=""Bút bi nước Bow Memories kẻ và nơ"" width=""640px"" height=""570px"">
<br/>
<img class=""urlBaiViet"" src=""images/BUTBI/Loai_Butnuoc/CHITIET/BaiViet/BUT8_1.jpg"" title=""Bút bi nước Bow Memories kẻ và nơ"" width=""640px"" height=""580px"">
<br/>
<img class=""urlBaiViet"" src=""images/BUTBI/Loai_Butnuoc/CHITIET/BaiViet/BUT8_2.jpg"" title=""Bút bi nước Bow Memories kẻ và nơ"" width=""640px"" height=""570px"">
<br/>
<img class=""urlBaiViet"" src=""images/BUTBI/Loai_Butnuoc/CHITIET/BaiViet/BUT8_3.jpg"" title=""Bút bi nước Bow Memories kẻ và nơ"" width=""640px"" height=""570px"">
</div>","25","40",NULL,"22","1"
"42","3","1","Bút bi nước Fine chấm bi/sao/kẻ","BUT_NUOC_Pre (9).jpg","<div class=""MoTa""><ul>
<li>Hãng: SCM.</li>
<li>Mô tả chi tiết bút:</li>
<ul>
<li>Nắp bút: dài 5.2cm, đường kính 1cm, có hoa văn cùng màu với thân bút.</li>
<li>Đầu bi 0.35mm, mực sử dụng chất màu carbon đen, mực ra đều, không bay màu.</li>
<li>Thân bút dài 15.3cm, đường kính 0.8cm, được trang trí 3 loại hoa văn: kẻ, ngôi sao, chấm bi cùng hàng chữ tiếng Anh.</li>
<li>Đuôi bút màu trắng dạng bán cầu, gắn chặt với thân bút.</li>
</ul></li>
</ul></div>","2015-02-20","17000","Butnuoc9.jpg","<div class=""BaiViet""><img class=""urlBaiViet"" src=""images/BUTBI/Loai_Butnuoc/CHITIET/BaiViet/BUT9.jpg"" title=""Bút bi nước Fine chấm bi/sao/kẻ"" width=""640px"" height=""540px"">
<br/>
<img class=""urlBaiViet"" src=""images/BUTBI/Loai_Butnuoc/CHITIET/BaiViet/BUT9_1.jpg"" title=""Bút bi nước Fine chấm bi/sao/kẻ"" width=""640px"" height=""530px"">
<br/>
<img class=""urlBaiViet"" src=""images/BUTBI/Loai_Butnuoc/CHITIET/BaiViet/BUT9_2.jpg"" title=""Bút bi nước Fine chấm bi/sao/kẻ"" width=""640px"" height=""500px"">
</div>","22","60",NULL,"34","1"
"43","3","1","Bút bi nước Classic vintage a car","BUT_NUOC_Pre (10).jpg","<div class=""MoTa""><ul>
<li>Hãng: SCM.</li>
<li>Kích thước: dài 14.6cm, đầu bi 0.35mm mũi kim.</li>
<li>Đuôi bút màu trắng dạng bán cầu, gắn chặt với thân bút.</li>
</ul></div>","2015-02-20","19000","Butnuoc10.jpg","<div class=""BaiViet""><img class=""urlBaiViet"" src=""images/BUTBI/Loai_Butnuoc/CHITIET/BaiViet/BUT10.jpg"" title=""Bút bi nước Classic vintage a car"" width=""640px"" height=""540px"">
<br/>
<img class=""urlBaiViet"" src=""images/BUTBI/Loai_Butnuoc/CHITIET/BaiViet/BUT10_1.jpg"" title=""Bút bi nước Classic vintage a car"" width=""640px"" height=""530px"">
<br/>
<img class=""urlBaiViet"" src=""images/BUTBI/Loai_Butnuoc/CHITIET/BaiViet/BUT10_2.jpg"" title=""Bút bi nước Classic vintage a car"" width=""640px"" height=""500px"">
<br/>
<img class=""urlBaiViet"" src=""images/BUTBI/Loai_Butnuoc/CHITIET/BaiViet/BUT10_3.jpg"" title=""Bút bi nước Classic vintage a car"" width=""640px"" height=""500px"">
</div>","33","50",NULL,"34","1"
"44","3","1","Bút bi nước hoa quả caro/chấm bi/kẻ","BUT_NUOC_Pre (11).jpg","<div class=""MoTa""><ul>
<li>Hãng: SCM.</li>
<li>Kích thước: dài 14.6cm, đầu bi 0.35mm mũi kim.</li>
<li>Vỏ nhựa mờ.</li>
</ul></div>","2015-02-20","19000","Butnuoc11.jpg","<div class=""BaiViet""><img class=""urlBaiViet"" src=""images/BUTBI/Loai_Butnuoc/CHITIET/BaiViet/BUT11.jpg"" title=""Bút bi nước hoa quả caro/chấm bi/kẻ"" width=""640px"" height=""540px"">
<br/>
<img class=""urlBaiViet"" src=""images/BUTBI/Loai_Butnuoc/CHITIET/BaiViet/BUT11_1.jpg"" title=""Bút bi nước hoa quả caro/chấm bi/kẻ"" width=""640px"" height=""530px"">
<br/>
<img class=""urlBaiViet"" src=""images/BUTBI/Loai_Butnuoc/CHITIET/BaiViet/BUT11_2.jpg"" title=""Bút bi nước hoa quả caro/chấm bi/kẻ"" width=""640px"" height=""500px"">
</div>","37","60",NULL,"34","1"
"45","3","1","Bút bi nước trái tim Love We are heart to heart","BUT_NUOC_Pre (12).jpg","<div class=""MoTa""><ul>
<li>Hãng: SCM.</li>
<li>Nắp bút dài 3.4cm đường kính 1cm</li>
<li>Đầu bi 0.35mm, mũi kim, mực ra đều, không bay màu.</li>
<li>Thân bút dài 14.1cm đường kính 0.8cm vỏ bút bằng nhựa mờ trang trí bằng họa tiết trái tim.</li>
<li>Đuôi bút cùng màu với họa tiết trên thân bút, gắn chặt thân bút.</li>
</ul></div>","2015-02-20","22000","Butnuoc12.jpg","<div class=""BaiViet""><img class=""urlBaiViet"" src=""images/BUTBI/Loai_Butnuoc/CHITIET/BaiViet/BUT12.jpg"" title=""Bút bi nước trái tim Love We are heart to heart"" width=""640px"" height=""540px"">
<br/>
<img class=""urlBaiViet"" src=""images/BUTBI/Loai_Butnuoc/CHITIET/BaiViet/BUT12_1.jpg"" title=""Bút bi nước trái tim Love We are heart to heart"" width=""640px"" height=""530px"">
<br/>
<img class=""urlBaiViet"" src=""images/BUTBI/Loai_Butnuoc/CHITIET/BaiViet/BUT12_2.jpg"" title=""Bút bi nước trái tim Love We are heart to heart"" width=""640px"" height=""500px"">
</div>","37","60",NULL,"34","1"
"46","3","1","Bút bi nước hải quân","BUT_NUOC_Pre (13).jpg","<div class=""MoTa""><ul>
<li>Hãng: SCM.</li>
<li>Nắp bút dài 3.4cm đường kính 1cm in các biểu tượng hàng hải.</li>
<li>Đầu bi 0.35mm, mũi kim, mực ra đều, không bay màu.</li>
<li>Thân bút dài 15.3cm đường kính 0.8cm vỏ  bút bằng nhựa bóng trang trí bằng họa tiết kẻ ngang và biểu tượng hàng hải.</li>
<li>Đuôi bút màu trắng, hình bán cầu gắn chặt với thân bút.</li>
</ul></div>","2015-02-20","21000","Butnuoc13.jpg","<div class=""BaiViet""><img class=""urlBaiViet"" src=""images/BUTBI/Loai_Butnuoc/CHITIET/BaiViet/BUT13.jpg"" title=""Bút bi nước hải quân"" width=""640px"" height=""540px"">
<br/>
<img class=""urlBaiViet"" src=""images/BUTBI/Loai_Butnuoc/CHITIET/BaiViet/BUT13_1.jpg"" title=""Bút bi nước hải quân"" width=""640px"" height=""530px"">
<br/>
<img class=""urlBaiViet"" src=""images/BUTBI/Loai_Butnuoc/CHITIET/BaiViet/BUT13_2.jpg"" title=""Bút bi nước hải quân"" width=""640px"" height=""500px"">
<br/>
<img class=""urlBaiViet"" src=""images/BUTBI/Loai_Butnuoc/CHITIET/BaiViet/BUT13_3.jpg"" title=""Bút bi nước hải quân"" width=""640px"" height=""500px"">
</div>","37","65",NULL,"34","1"
"47","3","1","Bút bi nước nắp nhãn Coffee tròn","BUT_NUOC_Pre (14).jpg","<div class=""MoTa""><ul>
<li>Hãng: SCM.</li>
<li>Có 3 mẫu: xanh lá, nâu đậm, đỏ đậm.</li>
<li>Mô tả chi tiết bút:
<ul>
<li>Nắp bút dài 4.3cm đường kính 1cm, màu trong suốt, gắn mác nhựa tròn Coffee.</li>
<li>Đầu bi 0.38mm, mũi kim, mực ra đều, không bay màu.</li>
<li>Thân bút dài 13.9cm, đường kính 0.8cm, vỏ bút in họa tiết kẻ và tách cà  phê kèm dòng chữ tiếng Anh.</li>
<li>Đuôi bút màu trắng, dạng bán cầu, gắn chặt với thân bút.</li>
</ul></li></ul></div>","2015-02-20","26000","Butnuoc14.jpg","<div class=""BaiViet""><img class=""urlBaiViet"" src=""images/BUTBI/Loai_Butnuoc/CHITIET/BaiViet/BUT14.jpg"" title=""Bút bi nước nắp nhãn Coffee tròn"" width=""640px"" height=""510px"">
<br/>
<img class=""urlBaiViet"" src=""images/BUTBI/Loai_Butnuoc/CHITIET/BaiViet/BUT14_1.jpg"" title=""Bút bi nước nắp nhãn Coffee tròn"" width=""640px"" height=""500px"">
<br/>
<img class=""urlBaiViet"" src=""images/BUTBI/Loai_Butnuoc/CHITIET/BaiViet/BUT14_2.jpg"" title=""Bút bi nước nắp nhãn Coffee tròn"" width=""640px"" height=""480px"">
</div>","37","65",NULL,"34","1"
"48","3","1","Bút bi nước Lifestyle hoa văn nền trắng","BUT_NUOC_Pre (15).jpg","<div class=""MoTa""><ul>
<li>Hãng: SCM.</li>
<li>Chất liệu vỏ: nhựa mờ.</li>
<li>Bút có 3 mẫu: xanh lá, hồng, xanh lam.</li>
<li>Mô tả chi tiết bút:
<ul>
<li>Nắp bút dài 2.1cm, đường kính 1cm, màu trong suốt, nắp chặt đầu bút.</li>
<li>Thân bút dài 15.6cm, đường kính 0.8cm, được in hoa văn trên nền màu trắng sữa rất nhã nhặn.</li>
<li>Đuôi bút dài 0.6cm, đường kính 0.4cm, dạng bán cầu gắn chặt với thân bút.</li>
</ul></li></ul></div>","2015-02-20","18000","Butnuoc15.jpg","<div class=""BaiViet""><img class=""urlBaiViet"" src=""images/BUTBI/Loai_Butnuoc/CHITIET/BaiViet/BUT15.jpg"" title=""Bút bi nước Lifestyle hoa văn nền trắng"" width=""640px"" height=""510px"">
<br/>
<img class=""urlBaiViet"" src=""images/BUTBI/Loai_Butnuoc/CHITIET/BaiViet/BUT15_1.jpg"" title=""Bút bi nước Lifestyle hoa văn nền trắng"" width=""640px"" height=""500px"">
<br/>
<img class=""urlBaiViet"" src=""images/BUTBI/Loai_Butnuoc/CHITIET/BaiViet/BUT15_2.jpg"" title=""Bút bi nước Lifestyle hoa văn nền trắng"" width=""640px"" height=""480px"">
</div>","22","48",NULL,"45","1"
"49","3","1","Bút bi nước nắp kẻ trắng","BUT_NUOC_Pre (16).jpg","<div class=""MoTa""><ul>
<li>Hãng: SCM.</li>
<li>Kích thước: dài 14.8cm, đầu bi 0.38mm.</li>
<li>Ngòi bút dạng đầu kim.</li>
<li>Màu mực: xanh, đen.</li>
</ul></div>","2015-02-20","19000","Butnuoc16.jpg","<div class=""BaiViet""><img class=""urlBaiViet"" src=""images/BUTBI/Loai_Butnuoc/CHITIET/BaiViet/BUT16.jpg"" title=""Bút bi nước nắp kẻ trắng"" width=""640px"" height=""510px"">
<br/>
<img class=""urlBaiViet"" src=""images/BUTBI/Loai_Butnuoc/CHITIET/BaiViet/BUT16_1.jpg"" title=""Bút bi nước nắp kẻ trắng"" width=""640px"" height=""500px"">
<br/>
<img class=""urlBaiViet"" src=""images/BUTBI/Loai_Butnuoc/CHITIET/BaiViet/BUT16_2.jpg"" title=""Bút bi nước nắp kẻ trắng"" width=""640px"" height=""480px"">
</div>","28","50",NULL,"34","1"
"50","3","1","Bút bi nước Monami","BUT_NUOC_Pre (17).jpg","<div class=""MoTa""><ul>
<li>Hãng: SCM.</li>
<li>Kích thước: 16 cm..</li>
<li>Ngòi bút dạng đầu kim.</li>
<li>Màu mực: xanh, đen.</li>
<li>Bt1 có 6 màu, 144 chiếc(2kg)</li>
</ul></div>","2015-02-20","19000","Butnuoc17.jpg","<div class=""BaiViet""><img class=""urlBaiViet"" src=""images/BUTBI/Loai_Butnuoc/CHITIET/BaiViet/BUT17.jpg"" title=""Bút bi nước Monami"" width=""640px"" height=""510px"">
<br/>
<img class=""urlBaiViet"" src=""images/BUTBI/Loai_Butnuoc/CHITIET/BaiViet/BUT17_1.jpg"" title=""Bút bi nước Monami"" width=""640px"" height=""500px"">
<br/>
<img class=""urlBaiViet"" src=""images/BUTBI/Loai_Butnuoc/CHITIET/BaiViet/BUT17_2.jpg"" title=""Bút bi nước Monami"" width=""610px"" height=""500px"">
</div>","55","70",NULL,"56","1"
"51","4","2","Tẩy chì CAND ERASER","Gom_Pre (1).jpg","<div class=""MoTa""><ul>
<li>Khối lượng:100g.</li>
<li>Kích thước: 4 x 2 x 7 cm.</li>
</ul></div>","2015-02-20","9000","Gom1.jpg","<div class=""BaiViet""><img class=""urlBaiViet"" src=""images/GOM/CHITIET/BaiViet/TAY1.jpg"" title=""Tẩy chì CAND ERASER"" width=""640px"" height=""510px"">
<br/>
<img class=""urlBaiViet"" src=""images/GOM/CHITIET/BaiViet/TAY1_1.jpg"" title=""Tẩy chì CAND ERASER"" width=""640px"" height=""510px"">
<br/>
<img class=""urlBaiViet"" src=""images/GOM/CHITIET/BaiViet/TAY1_2.jpg"" title=""Tẩy chì CAND ERASER"" width=""640px"" height=""510px"">
</div>","24","70",NULL,"33","1"
"52","4","2","Bộ tẩy hình tim 365 day love","Gom_Pre (2).jpg","<div class=""MoTa""><ul>
<li>Khối lượng:95g.</li>
<li>Kích thước: 3.3 x 3.5 cm.</li>
</ul></div>","2015-02-20","13000","Gom2.jpg","<div class=""BaiViet""><img class=""urlBaiViet"" src=""images/GOM/CHITIET/BaiViet/TAY2.jpg"" title=""Bộ tẩy hình tim 365 day love"" width=""640px"" height=""510px"">
<br/>
<img class=""urlBaiViet"" src=""images/GOM/CHITIET/BaiViet/TAY2_1.jpg"" title=""Bộ tẩy hình tim 365 day love"" width=""640px"" height=""510px"">
<br/>
<img class=""urlBaiViet"" src=""images/GOM/CHITIET/BaiViet/TAY2_2.jpg"" title=""Bộ tẩy hình tim 365 day love"" width=""640px"" height=""510px"">
<br/>
<img class=""urlBaiViet"" src=""images/GOM/CHITIET/BaiViet/TAY2_3.jpg"" title=""Bộ tẩy hình tim 365 day love"" width=""640px"" height=""510px"">
</div>","24","70",NULL,"30","1"
"53","4","2","Tẩy chì Graphic Love Eraser","Gom_Pre (3).jpg","<div class=""MoTa""><ul>
<li>Khối lượng:70g.</li>
<li>Kích thước: 7 x 0.8 x 6 cm.</li>
</ul></div>","2015-02-20","14000","Gom3.jpg","<div class=""BaiViet""><img class=""urlBaiViet"" src=""images/GOM/CHITIET/BaiViet/TAY3.jpg"" title=""Tẩy chì Graphic Love Eraser"" width=""640px"" height=""510px"">
<br/>
<img class=""urlBaiViet"" src=""images/GOM/CHITIET/BaiViet/TAY3_1.jpg"" title=""Tẩy chì Graphic Love Eraser"" width=""640px"" height=""510px"">
<br/>
<img class=""urlBaiViet"" src=""images/GOM/CHITIET/BaiViet/TAY3_2.jpg"" title=""Tẩy chì Graphic Love Eraser"" width=""640px"" height=""510px"">
</div>","33","50",NULL,"40","1"
"54","4","2","Tẩy chì hình chữ nhật mặt gấu mèo lợn","Gom_Pre (4).jpg","<div class=""MoTa""><ul>
<li>Khối lượng:25g.</li>
<li>Kích thước: 5.2 x 3 x 1.2 cm.</li>
</ul></div>","2015-02-20","14000","Gom4.jpg","<div class=""BaiViet""><img class=""urlBaiViet"" src=""images/GOM/CHITIET/BaiViet/TAY4.jpg"" title=""Tẩy chì hình chữ nhật mặt gấu mèo lợn"" width=""640px"" height=""510px"">
<br/>
<img class=""urlBaiViet"" src=""images/GOM/CHITIET/BaiViet/TAY4_1.jpg"" title=""Tẩy chì hình chữ nhật mặt gấu mèo lợn"" width=""640px"" height=""510px"">
<br/>
<img class=""urlBaiViet"" src=""images/GOM/CHITIET/BaiViet/TAY4_2.jpg"" title=""Tẩy chì hình chữ nhật mặt gấu mèo lợn"" width=""640px"" height=""510px"">
</div>","33","60",NULL,"40","1"
"55","4","2","Tẩy chì Building Style","Gom_Pre (5).jpg","<div class=""MoTa""><ul>
<li>Khối lượng:60g.</li>
<li>Kích thước: 7 x 1.5 x 4 cm.</li>
<li>Tẩy chì Building Style với độ bền dẻo cao có khả năng tẩy sạch các vết chì đen mà không gây rách giấy, không làm bẩn, lem trên giấy trắng. Dễ dàng sử dụng và thuận tiện trong học tập và trong văn phòng.</li>
<li>Sản phẩm đa dạng về màu sắc, được thiết kế bo tròn 4 cạnh giúp bạn có thể tẩy nét chì dễ dàng, không bị gãy đầu như các loại tẩy vuông.</li>
</ul></div>","2015-02-20","14000","Gom5.jpg","<div class=""BaiViet""><img class=""urlBaiViet"" src=""images/GOM/CHITIET/BaiViet/TAY5.jpg"" title=""Tẩy chì Building Style"" width=""610px"" height=""510px"">
<br/>
<img class=""urlBaiViet"" src=""images/GOM/CHITIET/BaiViet/TAY5_1.jpg"" title=""Tẩy chì Building Style"" width=""610px"" height=""510px"">
<br/>
<img class=""urlBaiViet"" src=""images/GOM/CHITIET/BaiViet/TAY5_2.jpg"" title=""Tẩy chì Building Style"" width=""610px"" height=""510px"">
</div>","30","70",NULL,"30","1"
"56","4","2","Tẩy chì Shingle Eraser","Gom_Pre (6).jpg","<div class=""MoTa""><ul>
<li>Khối lượng:60g.</li>
<li>Kích thước: 6 x 3.6 x 1.3 cm.</li>
<li>Tẩy chì Shingle Eraser với độ bền dẻo cao có khả năng tẩy sạch các vết chì đen mà không gây rách giấy, không làm bẩn, lem trên giấy trắng. Dễ dàng sử dụng và thuận tiện trong học tập và trong văn phòng.</li>
<li>Sản phẩm đa dạng về màu sắc, được thiết kế bo tròn 4 cạnh giúp bạn có thể tẩy nét chì dễ dàng, không bị gãy đầu như các loại tẩy vuông.</li>
</ul></div>","2015-02-20","7000","Gom6.jpg","<div class=""BaiViet""><img class=""urlBaiViet"" src=""images/GOM/CHITIET/BaiViet/TAY6.jpg"" title=""Tẩy chì Shingle Eraser"" width=""610px"" height=""510px"">
</div>","28","60",NULL,"30","1"
"57","4","2","Tẩy thỏ, gấu, mèo","Gom_Pre (7).jpg","<div class=""MoTa""><ul>
<li>Khối lượng:60g.</li>
<li>Kích thước: 6.3 x 3 x 1.5cm</li>
<li>Tẩy chì với độ bền dẻo cao có khả năng tẩy sạch các vết chì đen mà không gây rách giấy, không làm bẩn, lem trên giấy trắng. Dễ dàng sử dụng và thuận tiện trong học tập và trong văn phòng.</li>
</ul></div>","2015-02-20","7000","Gom7.jpg","<div class=""BaiViet""><img class=""urlBaiViet"" src=""images/GOM/CHITIET/BaiViet/TAY7.jpg"" title=""Tẩy thỏ, gấu, mèo"" width=""640px"" height=""510px"">
</br/>
<img class=""urlBaiViet"" src=""images/GOM/CHITIET/BaiViet/TAY7_1.jpg"" title=""Tẩy thỏ, gấu, mèo"" width=""610px"" height=""500px"">
<br/>
<img class=""urlBaiViet"" src=""images/GOM/CHITIET/BaiViet/TAY7_2.jpg"" title=""Tẩy thỏ, gấu, mèo"" width=""610px"" height=""510px"">
<br/>
<img class=""urlBaiViet"" src=""images/GOM/CHITIET/BaiViet/TAY7_3.jpg"" title=""Tẩy thỏ, gấu, mèo"" width=""610px"" height=""510px"">
</div>","28","60",NULL,"30","1"
"58","4","2","Tẩy dài động vật Amainoo","Gom_Pre (8).jpg","<div class=""MoTa""><ul>
<li>Khối lượng:60g.</li>
<li>Kích thước: 6.6 x 1.6cm.</li>
<li>Có 4 mẫu: hồng, đen, tím, nâu.</li>
<li>Tẩy chì với độ bền dẻo cao có khả năng tẩy sạch các vết chì đen mà không gây rách giấy, không làm bẩn, lem trên giấy trắng. Dễ dàng sử dụng và thuận tiện trong học tập và trong văn phòng.</li>
</ul></div>","2015-02-20","12000","Gom8.jpg","<div class=""BaiViet""><img class=""urlBaiViet"" src=""images/GOM/CHITIET/BaiViet/TAY8.jpg"" title=""Tẩy dài động vật Amainoo"" width=""640px"" height=""510px"">
</br/>
<img class=""urlBaiViet"" src=""images/GOM/CHITIET/BaiViet/TAY8_1.jpg"" title=""TTẩy dài động vật Amainoo"" width=""620px"" height=""510px"">
</div>","28","50",NULL,"34","1"
"59","4","2","Tẩy chì 4B","Gom_Pre (9).jpg","<div class=""MoTa""><ul>
<li>Khối lượng:60g.</li>
<li>Kích thước: 3cm x 2cm.</li>
<li>Tẩy chì với độ bền dẻo cao có khả năng tẩy sạch các vết chì đen mà không gây rách giấy, không làm bẩn, lem trên giấy trắng. Dễ dàng sử dụng và thuận tiện trong học tập và trong văn phòng.</li>
</ul></div>","2015-02-20","9000","Gom9.jpg","<div class=""BaiViet""><img class=""urlBaiViet"" src=""images/GOM/CHITIET/BaiViet/TAY9.jpg"" title=""Tẩy chì 4B"" width=""640px"" height=""510px"">
</div>","28","50",NULL,"34","1"
"60","5","3","Hộp đựng bút kẹp ảnh bò sữa mèo sư tử","Hop_Pre (1).jpg","<div class=""MoTa""><ul>
<li>Khối lượng:65g.</li>
<li>Kích thước: 8.5 x 6.5 x 4.8 cm.</li>
<li>Chất liệu: gỗ.</li>
</ul></div>","2015-02-20","18000","Hopbut1.jpg","<div class=""BaiViet""><img class=""urlBaiViet"" src=""images/HOPBUT/CHITIET/BaiViet/HOP1.jpg"" title=""Hộp đựng bút kẹp ảnh bò sữa mèo sư tử"" width=""640px"" height=""510px"">
<br/>
<img class=""urlBaiViet"" src=""images/HOPBUT/CHITIET/BaiViet/HOP1_1.jpg"" title=""Hộp đựng bút kẹp ảnh bò sữa mèo sư tử"" width=""620px"" height=""480px"">
<br/>
<img class=""urlBaiViet"" src=""images/HOPBUT/CHITIET/BaiViet/HOP1_2.jpg"" title=""Hộp đựng bút kẹp ảnh bò sữa mèo sư tử"" width=""640px"" height=""490px"">
</div>","34","60",NULL,"38","1"
"61","5","3","Hộp đựng bút kẹp ảnh hình hoa","Hop_Pre (2).jpg","<div class=""MoTa""><ul>
<li>Khối lượng:65g.</li>
<li>Kích thước: 8.5 x 6.5 x 4.8 cm.</li>
<li>Chất liệu: gỗ.</li>
</ul></div>","2015-02-20","16000","Hopbut2.jpg","<div class=""BaiViet""><img class=""urlBaiViet"" src=""images/HOPBUT/CHITIET/BaiViet/HOP2.jpg"" title=""Hộp đựng bút kẹp ảnh hình hoa"" width=""640px"" height=""510px"">
<br/>
<img class=""urlBaiViet"" src=""images/HOPBUT/CHITIET/BaiViet/HOP2_1.jpg"" title=""Hộp đựng bút kẹp ảnh hình hoa"" width=""620px"" height=""480px"">
<br/>
<img class=""urlBaiViet"" src=""images/HOPBUT/CHITIET/BaiViet/HOP2_2.jpg"" title=""Hộp đựng bút kẹp ảnh hình hoa"" width=""620px"" height=""480px"">
<br/>
<img class=""urlBaiViet"" src=""images/HOPBUT/CHITIET/BaiViet/HOP2_3.jpg"" title=""Hộp đựng bút kẹp ảnh hình hoa"" width=""620px"" height=""480px"">
</div>","38","70",NULL,"38","1"
"62","5","3","Hộp đựng bút kẹp ảnh voi, ếch, gấu","Hop_Pre (3).jpg","<div class=""MoTa""><ul>
<li>Khối lượng:65g.</li>
<li>Kích thước: 8.5 x 6.5 x 4.8 cm.</li>
<li>Chất liệu: gỗ.</li>
</ul></div>","2015-02-20","16000","Hopbut3.jpg","<div class=""BaiViet""><img class=""urlBaiViet"" src=""images/HOPBUT/CHITIET/BaiViet/HOP3.jpg"" title=""Hộp đựng bút kẹp ảnh voi, ếch, gấu, sư tử, hươu cao cổ"" width=""640px"" height=""510px"">
<br/>
<img class=""urlBaiViet"" src=""images/HOPBUT/CHITIET/BaiViet/HOP3_1.jpg"" title=""Hộp đựng bút kẹp ảnh voi, ếch, gấu, sư tử, hươu cao cổ"" width=""620px"" height=""480px"">
<br/>
<img class=""urlBaiViet"" src=""images/HOPBUT/CHITIET/BaiViet/HOP3_2.jpg"" title=""Hộp đựng bút kẹp ảnh voi, ếch, gấu, sư tử, hươu cao cổ"" width=""620px"" height=""480px"">
</div>","37","110",NULL,"38","1"
"63","5","3","Hộp đựng bút Mood For Love","Hop_Pre (4).jpg","<div class=""MoTa""><ul>
<li>Khối lượng:100g.</li>
<li>Kích thước: 20 x 5,3 x 2,6 cm.</li>
<li>Chất liệu: kim loại.</li>
</ul></div>","2015-02-20","22000","Hopbut4.jpg","<div class=""BaiViet""><img class=""urlBaiViet"" src=""images/HOPBUT/CHITIET/BaiViet/HOP4.jpg"" title=""Hộp đựng bút Mood For Love"" width=""640px"" height=""510px"">
<br/>
<img class=""urlBaiViet"" src=""images/HOPBUT/CHITIET/BaiViet/HOP4_1.jpg"" title=""Hộp đựng bút Mood For Love"" width=""620px"" height=""480px"">
<br/>
<img class=""urlBaiViet"" src=""images/HOPBUT/CHITIET/BaiViet/HOP4_2.jpg"" title=""Hộp đựng bút Mood For Love"" width=""620px"" height=""480px"">
<br/>
<img class=""urlBaiViet"" src=""images/HOPBUT/CHITIET/BaiViet/HOP4_3.jpg"" title=""Hộp đựng bút Mood For Love"" width=""620px"" height=""480px"">
</div>","33","80",NULL,"38","1"
"64","5","3","Hộp đựng bút Vintage","Hop_Pre (5).jpg","<div class=""MoTa""><ul>
<li>Khối lượng:90g.</li>
<li>Kích thước: 20 x 5,3 x 2,6 cm.</li>
<li>Chất liệu: kim loại.</li>
</ul></div>","2015-02-20","18000","Hopbut5.jpg","<div class=""BaiViet""><img class=""urlBaiViet"" src=""images/HOPBUT/CHITIET/BaiViet/HOP5.jpg"" title=""Hộp đựng bút Vintage"" width=""640px"" height=""510px"">
<br/>
<img class=""urlBaiViet"" src=""images/HOPBUT/CHITIET/BaiViet/HOP5_1.jpg"" title=""Hộp đựng bút Vintage"" width=""640px"" height=""480px"">
<br/>
<img class=""urlBaiViet"" src=""images/HOPBUT/CHITIET/BaiViet/HOP5_2.jpg"" title=""Hộp đựng bút Vintage"" width=""640px"" height=""480px"">
<br/>
<img class=""urlBaiViet"" src=""images/HOPBUT/CHITIET/BaiViet/HOP5_3.jpg"" title=""Hộp đựng bút Vintage"" width=""640px"" height=""480px"">
</div>","30","90",NULL,"38","1"
"65","5","3","Hộp bút nhựa hello kitty","Hop_Pre (6).jpg","<div class=""MoTa""><ul>
<li>Khối lượng:45g.</li>
<li>Kích thước: 18 x 4 cm.</li>
<li>Chất liệu: nhựa.</li>
</ul></div>","2015-02-20","19000","Hopbut6.jpg","<div class=""BaiViet""><img class=""urlBaiViet"" src=""images/HOPBUT/CHITIET/BaiViet/HOP6.jpg"" title=""Hộp bút nhựa hello kitty"" width=""640px"" height=""510px"">
<br/>
<img class=""urlBaiViet"" src=""images/HOPBUT/CHITIET/BaiViet/HOP6_1.jpg"" title=""Hộp bút nhựa hello kitty"" width=""640px"" height=""480px"">
<br/>
<img class=""urlBaiViet"" src=""images/HOPBUT/CHITIET/BaiViet/HOP6_2.jpg"" title=""Hộp bút nhựa hello kitty"" width=""640px"" height=""480px"">
</div>","38","100",NULL,"42","1"
"66","5","3","Hộp đựng bút gỗ languo","Hop_Pre (7).jpg","<div class=""MoTa""><ul>
<li>Khối lượng:60g.</li>
<li>Kích thước: 5 x 18 cm.</li>
<li>Chất liệu: gỗ.</li>
</ul></div>","2015-02-20","17000","Hopbut7.jpg","<div class=""BaiViet""><img class=""urlBaiViet"" src=""images/HOPBUT/CHITIET/BaiViet/HOP7.jpg"" title=""Hộp đựng bút gỗ languo"" width=""640px"" height=""510px"">
<br/>
<img class=""urlBaiViet"" src=""images/HOPBUT/CHITIET/BaiViet/HOP7_1.jpg"" title=""Hộp đựng bút gỗ languo"" width=""640px"" height=""480px"">
<br/>
<img class=""urlBaiViet"" src=""images/HOPBUT/CHITIET/BaiViet/HOP7_2.jpg"" title=""Hộp đựng bút gỗ languo"" width=""640px"" height=""480px"">
<br/>
<img class=""urlBaiViet"" src=""images/HOPBUT/CHITIET/BaiViet/HOP7_3.jpg"" title=""Hộp đựng bút gỗ languo"" width=""640px"" height=""480px"">
</div>","38","100",NULL,"42","1"
"67","5","3","Túi bút da Languo","Hop_Pre (8).jpg","<div class=""MoTa""><ul>
<li>Khối lượng:60g.</li>
<li>Kích thước: 5 x 18 cm.</li>
<li>Chất liệu: gỗ.</li>
</ul></div>","2015-02-20","34000","Hopbut8.jpg","<div class=""BaiViet""><img class=""urlBaiViet"" src=""images/HOPBUT/CHITIET/BaiViet/HOP8.jpg"" title=""Túi bút da Languo"" width=""640px"" height=""510px"">
<br/>
<img class=""urlBaiViet"" src=""images/HOPBUT/CHITIET/BaiViet/HOP8_1.jpg"" title=""Túi bút da Languo"" width=""640px"" height=""480px"">
<br/>
<img class=""urlBaiViet"" src=""images/HOPBUT/CHITIET/BaiViet/HOP8_2.jpg"" title=""Túi bút da Languo"" width=""640px"" height=""480px"">
</div>","50","89",NULL,"58","1"
"68","5","3","Túi đựng bút vải thô quai đeo Hero","Hop_Pre (9).jpg","<div class=""MoTa""><ul>
<li>Khối lượng: 90g.</li>
<li>Kích thước: 9.5 x 18 cm.</li>
<li>Chất liệu: vải thô.</li>
</ul></div>","2015-02-20","34000","Hopbut9.jpg","<div class=""BaiViet""><img class=""urlBaiViet"" src=""images/HOPBUT/CHITIET/BaiViet/HOP9.jpg"" title=""Túi đựng bút vải thô quai đeo Hero"" width=""640px"" height=""510px"">
<br/>
<img class=""urlBaiViet"" src=""images/HOPBUT/CHITIET/BaiViet/HOP9_1.jpg"" title=""Túi đựng bút vải thô quai đeo Hero"" width=""640px"" height=""480px"">
</div>","40","90",NULL,"42","1"
"69","5","3","Túi bút da cuộn RXZN nâu, hồng","Hop_Pre (10).jpg","<div class=""MoTa""><ul>
<li>Khối lượng: 50g.</li>
<li>Kích thước: 18 x 12.3 (cm)</li>
<li>Chất liệu: Giả da.</li>
</ul></div>","2015-02-20","30000","Hopbut10.jpg","<div class=""BaiViet""><img class=""urlBaiViet"" src=""images/HOPBUT/CHITIET/BaiViet/HOP10.jpg"" title=""Túi đựng bút vải thô quai đeo Hero"" width=""640px"" height=""510px"">
<br/>
<img class=""urlBaiViet"" src=""images/HOPBUT/CHITIET/BaiViet/HOP10_1.jpg"" title=""Túi đựng bút vải thô quai đeo Hero"" width=""640px"" height=""480px"">
<br/>
<img class=""urlBaiViet"" src=""images/HOPBUT/CHITIET/BaiViet/HOP10_2.jpg"" title=""Túi đựng bút vải thô quai đeo Hero"" width=""640px"" height=""480px"">
<br/>
<img class=""urlBaiViet"" src=""images/HOPBUT/CHITIET/BaiViet/HOP10_3.jpg"" title=""Túi đựng bút vải thô quai đeo Hero"" width=""640px"" height=""480px"">
</div>","38","90",NULL,"42","1"
"70","5","3","Hộp bút Winny","Hop_Pre (11).jpg","<div class=""MoTa""><ul>
<li>Khối lượng: 50g.</li>
<li>Kích thước: 20 x 1.5 x 6 cm.</li>
<li>Chất liệu: kim loại.</li>
</ul></div>","2015-02-20","28000","Hopbut11.jpg","<div class=""BaiViet""><img class=""urlBaiViet"" src=""images/HOPBUT/CHITIET/BaiViet/HOP11.jpg"" title=""Hộp bút Winny"" width=""640px"" height=""510px"">
<br/>
<img class=""urlBaiViet"" src=""images/HOPBUT/CHITIET/BaiViet/HOP11_1.jpg"" title=""Hộp bút Winny"" width=""640px"" height=""480px"">
<br/>
<img class=""urlBaiViet"" src=""images/HOPBUT/CHITIET/BaiViet/HOP11_2.jpg"" title=""Hộp bút Winny"" width=""640px"" height=""480px"">
<br/>
<img class=""urlBaiViet"" src=""images/HOPBUT/CHITIET/BaiViet/HOP11_3.jpg"" title=""Hộp bút Winny"" width=""640px"" height=""480px"">
</div>","38","90",NULL,"48","1"
"71","5","3","Hộp bút Retro Pattern cỡ đại","Hop_Pre (12).jpg","<div class=""MoTa""><ul>
<li>Khối lượng: 110g.</li>
<li>Kích thước: 19 x 8.5 x 2.7 cm.</li>
<li>Chất liệu: kim loại.</li>
</ul></div>","2015-02-20","25000","Hopbut12.jpg","<div class=""BaiViet""><img class=""urlBaiViet"" src=""images/HOPBUT/CHITIET/BaiViet/HOP12.jpg"" title=""Hộp bút Retro Pattern"" width=""640px"" height=""510px"">
<br/>
<img class=""urlBaiViet"" src=""images/HOPBUT/CHITIET/BaiViet/HOP12_1.jpg"" title=""Hộp bút Retro Pattern"" width=""640px"" height=""480px"">
</div>","28","90",NULL,"50","1"
"72","5","3","Hộp bút nhựa mặt cười","Hop_Pre (13).jpg","<div class=""MoTa""><ul>
<li>Khối lượng: 30g.</li>
<li>Kích thước: 2 x 5 x 17.5 cm.</li>
<li>Chất liệu: kim loại.</li>
</ul></div>","2015-02-20","22000","Hopbut13.jpg","<div class=""BaiViet""><img class=""urlBaiViet"" src=""images/HOPBUT/CHITIET/BaiViet/HOP13.jpg"" title=""Hộp bút nhựa mặt cười"" width=""640px"" height=""510px"">
<br/>
<img class=""urlBaiViet"" src=""images/HOPBUT/CHITIET/BaiViet/HOP13_1.jpg"" title=""Hộp bút nhựa mặt cười"" width=""640px"" height=""480px"">
<br/>
<img class=""urlBaiViet"" src=""images/HOPBUT/CHITIET/BaiViet/HOP13_2.jpg"" title=""Hộp bút nhựa mặt cười"" width=""640px"" height=""480px"">
</div>","36","90",NULL,"60","1"
"73","5","3","Hộp bút Retro Pattern cỡ trung","Hop_Pre (14).jpg","<div class=""MoTa""><ul>
<li>Khối lượng: 80g.</li>
<li>Kích thước: 6.5 x 2 x 18 cm.</li>
<li>Chất liệu: kim loại.</li>
</ul></div>","2015-02-20","18000","Hopbut14.jpg","<div class=""BaiViet""><img class=""urlBaiViet"" src=""images/HOPBUT/CHITIET/BaiViet/HOP14.jpg"" title=""Hộp bút Retro Pattern cỡ trung"" width=""640px"" height=""510px"">
<br/>
<img class=""urlBaiViet"" src=""images/HOPBUT/CHITIET/BaiViet/HOP14_1.jpg"" title=""Hộp bút Retro Pattern cỡ trung"" width=""640px"" height=""480px"">
<br/>
<img class=""urlBaiViet"" src=""images/HOPBUT/CHITIET/BaiViet/HOP14_2.jpg"" title=""Hộp bút Retro Pattern cỡ trung"" width=""640px"" height=""480px"">
</div>","40","120",NULL,"60","1"
"74","6","4","Lịch kế hoạch để bàn heo xinh","LICH_Pre (1).jpg","<div class=""MoTa""><ul>
<li>Khối lượng: 100g.</li>
<li>Kích thước: 12 x 14 cm.</li>
<li>Số tờ: 14.</li>
</ul></div>","2015-02-20","54000","Lich1.jpg","<div class=""BaiViet""><img class=""urlBaiViet"" src=""images/LICH/CHITIET/BaiViet/LICH1.jpg"" title=""Lịch kế hoạch để bàn heo xinh"" width=""640px"" height=""510px"">
<br/>
<img class=""urlBaiViet"" src=""images/LICH/CHITIET/BaiViet/LICH1_1.jpg"" title=""Lịch kế hoạch để bàn heo xinh"" width=""640px"" height=""510px"">
<br/>
<img class=""urlBaiViet"" src=""images/LICH/CHITIET/BaiViet/LICH1_3.jpg"" title=""Lịch kế hoạch để bàn heo xinh"" width=""640px"" height=""510px"">
</div>","38","100",NULL,"42","1"
"75","6","4","Lịch để bàn Time Is The Air","LICH_Pre (2).jpg","<div class=""MoTa""><ul>
<li>Khối lượng: 80g.</li>
<li>Kích thước: 5 x 22 x 6 cm.</li>
<li>Số tờ: 14.</li>
</ul></div>","2015-02-20","50000","Lich2.jpg","<div class=""BaiViet""><img class=""urlBaiViet"" src=""images/LICH/CHITIET/BaiViet/LICH2.jpg"" title=""Lịch để bàn Time Is The Air"" width=""640px"" height=""510px"">
<br/>
<img class=""urlBaiViet"" src=""images/LICH/CHITIET/BaiViet/LICH2_1.jpg"" title=""Lịch để bàn Time Is The Air"" width=""640px"" height=""510px"">
<br/>
<img class=""urlBaiViet"" src=""images/LICH/CHITIET/BaiViet/LICH2_2.jpg"" title=""Lịch để bàn Time Is The Air"" width=""640px"" height=""510px"">
</div>","38","100",NULL,"42","1"
"76","6","4","Lịch trang trí để bàn Life Is Beautiful","LICH_Pre (3).jpg","<div class=""MoTa""><ul>
<li>Khối lượng: 40g.</li>
<li>Kích thước: 10.5 x 8.5 cm.</li>
</ul></div>","2015-02-20","52000","Lich3.jpg","<div class=""BaiViet""><img class=""urlBaiViet"" src=""images/LICH/CHITIET/BaiViet/LICH3.jpg"" title=""Lịch trang trí để bàn Life Is Beautiful"" width=""640px"" height=""510px"">
<br/>
<img class=""urlBaiViet"" src=""images/LICH/CHITIET/BaiViet/LICH3_1.jpg"" title=""Lịch trang trí để bàn Life Is Beautiful"" width=""640px"" height=""510px"">
<br/>
<img class=""urlBaiViet"" src=""images/LICH/CHITIET/BaiViet/LICH3_2.jpg"" title=""Lịch trang trí để bàn Life Is Beautiful"" width=""640px"" height=""510px"">
</div>","40","90",NULL,"42","1"
"77","6","4","Lịch trang trí để bàn Paper Dall Mate","LICH_Pre (4).jpg","<div class=""MoTa""><ul>
<li>Khối lượng: 40g.</li>
<li>kích thước: 10 x 4 x 4.5 cm.</li>
</ul></div>","2015-02-20","62000","Lich4.jpg","<div class=""BaiViet""><img class=""urlBaiViet"" src=""images/LICH/CHITIET/BaiViet/LICH4.jpg"" title=""Lịch trang trí để bàn Paper Dall Mate"" width=""640px"" height=""510px"">
<br/>
<img class=""urlBaiViet"" src=""images/LICH/CHITIET/BaiViet/LICH4_1.jpg"" title=""Lịch trang trí để bàn Paper Dall Mate"" width=""640px"" height=""510px"">
<br/>
<img class=""urlBaiViet"" src=""images/LICH/CHITIET/BaiViet/LICH4_2.jpg"" title=""Lịch trang trí để bàn Paper Dall Mate"" width=""640px"" height=""510px"">
</div>","44","90",NULL,"42","1"
"78","6","4","Lịch trang trí để bàn The Soldier","LICH_Pre (5).jpg","<div class=""MoTa""><ul>
<li>Khối lượng: 100g.</li>
<li>Kích thước: 10 x 4 x 4.5 cm.</li>
</ul></div>","2015-02-20","62000","Lich5.jpg","<div class=""BaiViet""><img class=""urlBaiViet"" src=""images/LICH/CHITIET/BaiViet/LICH5.jpg"" title=""Lịch trang trí để bàn The Soldier"" width=""640px"" height=""510px"">
<br/>
<img class=""urlBaiViet"" src=""images/LICH/CHITIET/BaiViet/LICH5_1.jpg"" title=""Lịch trang trí để bàn The Soldier"" width=""640px"" height=""510px"">
<br/>
<img class=""urlBaiViet"" src=""images/LICH/CHITIET/BaiViet/LICH5_2.jpg"" title=""Lịch trang trí để bàn The Soldier"" width=""640px"" height=""510px"">
</div>","38","94",NULL,"42","1"
"79","6","4","Lịch để bàn April Story","LICH_Pre (6).jpg","<div class=""MoTa""><ul>
<li>Khối lượng: 85g.</li>
<li>Kích thước: 5.5 x 5.8 x 22.3 cm.</li>
</ul></div>","2015-02-20","56000","Lich6.jpg","<div class=""BaiViet""><img class=""urlBaiViet"" src=""images/LICH/CHITIET/BaiViet/LICH6.jpg"" title=""Lịch để bàn April Story"" width=""640px"" height=""510px"">
<br/>
<img class=""urlBaiViet"" src=""images/LICH/CHITIET/BaiViet/LICH6_1.jpg"" title=""Lịch để bàn April Story"" width=""640px"" height=""510px"">

</div>","28","88",NULL,"41","1"
"80","6","4","Lịch trang trí để bàn Nono","LICH_Pre (7).jpg","<div class=""MoTa""><ul>
<li>Khối lượng: 200g.</li>
<li>Kích thước: 21.2 x 15 cm.</li>
</ul></div>","2015-02-20","58000","Lich7.jpg","<div class=""BaiViet""><img class=""urlBaiViet"" src=""images/LICH/CHITIET/BaiViet/LICH7.jpg"" title=""Lịch trang trí để bàn Nono"" width=""640px"" height=""510px"">
<br/>
<img class=""urlBaiViet"" src=""images/LICH/CHITIET/BaiViet/LICH7_1.jpg"" title=""Lịch trang trí để bàn Nono"" width=""640px"" height=""510px"">
<br/>
<img class=""urlBaiViet"" src=""images/LICH/CHITIET/BaiViet/LICH7_2.jpg"" title=""Lịch trang trí để bàn Nono"" width=""640px"" height=""510px"">
<br/>
<img class=""urlBaiViet"" src=""images/LICH/CHITIET/BaiViet/LICH7_3.jpg"" title=""Lịch trang trí để bàn Nono"" width=""640px"" height=""510px"">
</div>","34","90",NULL,"40","1"
"81","6","4","Lịch trang trí để bàn","LICH_Pre (8).jpg","<div class=""MoTa""><ul>
<li>Khối lượng: 60g.</li>
<li>Kích thước: 14.5 x 12 cm.</li>
<li>Số tờ 14.</li>
</ul></div>","2015-02-20","55000","Lich8.jpg","<div class=""BaiViet""><img class=""urlBaiViet"" src=""images/LICH/CHITIET/BaiViet/LICH8.jpg"" title=""Lịch trang trí để bàn"" width=""640px"" height=""510px"">
<br/>
<img class=""urlBaiViet"" src=""images/LICH/CHITIET/BaiViet/LICH8_1.jpg"" title=""Lịch trang trí để bàn"" width=""640px"" height=""510px"">
<br/>
<img class=""urlBaiViet"" src=""images/LICH/CHITIET/BaiViet/LICH8_2.jpg"" title=""Lịch trang trí để bàn"" width=""640px"" height=""510px"">
<br/>
<img class=""urlBaiViet"" src=""images/LICH/CHITIET/BaiViet/LICH8_3.jpg"" title=""Lịch trang trí để bàn"" width=""640px"" height=""510px"">
</div>","40","110",NULL,"40","1"
"82","6","4","Lịch kế hoạch trang trí để bàn","LICH_Pre (9).jpg","<div class=""MoTa""><ul>
<li>Khối lượng: 310g.</li>
<li>Kích thước: 25.5 x 18 cm.</li>
<li>Mẫu 1.</li>
</ul></div>","2015-02-20","55000","Lich9.jpg","<div class=""BaiViet""><img class=""urlBaiViet"" src=""images/LICH/CHITIET/BaiViet/LICH9.jpg"" title=""Lịch kế hoạch trang trí để bàn"" width=""640px"" height=""510px"">
<br/>
<img class=""urlBaiViet"" src=""images/LICH/CHITIET/BaiViet/LICH9_1.jpg"" title=""Lịch kế hoạch trang trí để bàn"" width=""640px"" height=""510px"">
<br/>
<img class=""urlBaiViet"" src=""images/LICH/CHITIET/BaiViet/LICH9_2.jpg"" title=""Lịch kế hoạch trang trí để bàn"" width=""640px"" height=""510px"">
</div>","32","98",NULL,"42","1"
"83","6","4","Lịch trang trí để bàn Hello Geeks","LICH_Pre (10).jpg","<div class=""MoTa""><ul>
<li>Khối lượng: 60g.</li>
<li>Kích thước: 25.5 x 18 cm.</li>
<li>Số tờ: 14.</li>
</ul></div>","2015-02-20","54000","Lich10.jpg","<div class=""BaiViet""><img class=""urlBaiViet"" src=""images/LICH/CHITIET/BaiViet/LICH10.jpg"" title=""Lịch trang trí để bàn Hello Geeks"" width=""640px"" height=""510px"">
<br/>
<img class=""urlBaiViet"" src=""images/LICH/CHITIET/BaiViet/LICH10_1.jpg"" title=""Lịch trang trí để bàn Hello Geeks"" width=""640px"" height=""510px"">
</div>","38","98",NULL,"42","1"
"84","6","4","Lịch trang trí để bàn","LICH_Pre (11).jpg","<div class=""MoTa""><ul>
<li>Khối lượng: 210g.</li>
<li>Kích thước: 26x 14.5 cm.</li>
<li>Số tờ: 14.</li>
</ul></div>","2015-02-20","61000","Lich11.jpg","<div class=""BaiViet""><img class=""urlBaiViet"" src=""images/LICH/CHITIET/BaiViet/LICH11.jpg"" title=""Lịch trang trí để bàn"" width=""640px"" height=""510px"">
<br/>
<img class=""urlBaiViet"" src=""images/LICH/CHITIET/BaiViet/LICH11_1.jpg"" title=""Lịch trang trí để bàn"" width=""640px"" height=""510px"">
<br/>
<img class=""urlBaiViet"" src=""images/LICH/CHITIET/BaiViet/LICH11_2.jpg"" title=""Lịch trang trí để bàn"" width=""640px"" height=""510px"">
<br/>
<img class=""urlBaiViet"" src=""images/LICH/CHITIET/BaiViet/LICH11_3.jpg"" title=""Lịch trang trí để bàn"" width=""640px"" height=""510px"">
</div>","38","98",NULL,"42","1"
"85","6","4","Lịch & Port Card Sketching Life & Food","LICH_Pre (12).jpg","<div class=""MoTa""><ul>
<li>Khối lượng: 75g.</li>
<li>Kích thước: 15.4 x 11 cm.</li>
<li>Số tờ: 12.</li>
</ul></div>","2015-02-20","64000","Lich12.jpg","<div class=""BaiViet""><img class=""urlBaiViet"" src=""images/LICH/CHITIET/BaiViet/LICH12.jpg"" title=""Lịch & Port Card Sketching Life & Food"" width=""640px"" height=""510px"">
<br/>
<img class=""urlBaiViet"" src=""images/LICH/CHITIET/BaiViet/LICH12_1.jpg"" title=""Lịch & Port Card Sketching Life & Food"" width=""640px"" height=""510px"">
<br/>
<img class=""urlBaiViet"" src=""images/LICH/CHITIET/BaiViet/LICH12_2.jpg"" title=""Lịch & Port Card Sketching Life & Food"" width=""640px"" height=""510px"">
</div>","36","80",NULL,"39","1"
"86","6","4","Lịch kế hoạch để bàn Desk Calendar","LICH_Pre (13).jpg","<div class=""MoTa""><ul>
<li>Khối lượng: 80g.</li>
<li>Kích thước: 12 x 14 cm.</li>
<li>Số tờ: 14.</li>
</ul></div>","2015-02-20","60000","Lich13.jpg","<div class=""BaiViet""><img class=""urlBaiViet"" src=""images/LICH/CHITIET/BaiViet/LICH13.jpg"" title=""Lịch kế hoạch để bàn Desk Calendar"" width=""640px"" height=""510px"">
<br/>
<img class=""urlBaiViet"" src=""images/LICH/CHITIET/BaiViet/LICH13_1.jpg"" title=""Lịch kế hoạch để bàn Desk Calendar"" width=""640px"" height=""510px"">
</div>","38","88",NULL,"39","1"
"1","Quỳnh Như","QuynhNhu","123","An Dương Vương, Quận 5","0987654321","quynhnhu@gmail.com","2015-02-28","1"
"2","Nguyễn Tí","nguyenti","456","Lý Chính Thắng, Quận 3","0123456789","nguyenti@gmail.com","2015-02-28","1"
"3","Nguyễn Tèo","nguyenteo","789","Lý Chính Thắng, Quận 3","0933333333","nguyenteo@gmail.com","2015-02-28","0"
